employee_id,first_name,last_name,date_of_birth,hire_date
1,Noah,Lundqvist,1970-06-23,2009-02-04
2,Sofie,Rasmussen,1989-05-02,2023-12-10
3,Axel,Olsson,1993-01-03,2023-11-06
4,Erik,Lundqvist,1988-11-15,2018-05-11
5,Noah,Larsson,1976-05-22,2009-12-08
6,Mila,Young,1992-10-05,2021-03-30
7,Alva,Svensson,1997-12-01,2020-01-18
8,Sara,Olsson,1997-05-11,2023-08-10
9,Ebba,Aberg,1996-05-11,2018-07-09
10,Joel,Lundqvist,1999-08-10,2023-03-15
11,Noah,Klein,1987-09-18,2019-10-09
12,Maja,Lundqvist,1997-01-15,2019-08-24
13,Emily,Davies,1987-01-30,2017-09-25
14,Elin,Karlsson,1999-11-19,2023-11-10
15,Jack,Hall,1995-05-28,2020-02-15
16,Chloe,Walker,1979-05-07,2015-05-10
17,Ida,Eriksson,1967-11-27,2012-10-18
18,Tim,Schwarz,2000-12-07,2022-02-09
19,Chloe,Allen,1974-12-08,2010-06-11
20,Oscar,Nystrom,1975-06-01,2012-03-26
21,Ebba,Johansson,1994-03-26,2021-06-29
22,Ida,Eklund,1987-07-07,2018-12-04
23,Jonas,Koch,1993-11-26,2020-02-03
24,Johanna,Schafer,1982-08-11,2021-03-26
25,Andreas,Olsen,1986-07-06,2021-09-29
26,Nora,Nilsson,1989-06-21,2021-03-08
27,Nora,Eriksson,1997-08-05,2019-02-23
28,Viktor,Jorgensen,1999-10-11,2023-09-20
29,Adrian,Ruiz,1986-05-05,2012-02-19
30,Frida,Eriksson,1995-05-13,2022-10-18
31,Antoine,Fournier,1994-12-03,2022-04-20
32,Max,Schneider,1993-06-16,2022-01-25
33,Freja,Thomsen,1982-04-30,2019-05-18
34,Mathias,Olsen,1993-01-19,2019-01-28
35,Louis,Durand,1989-04-14,2022-01-24
36,Axel,Persson,1988-07-17,2011-07-18
37,Jack,White,1991-12-14,2022-08-06
38,Anna,Rasmussen,1990-10-19,2021-03-29
39,Finn,Koch,1993-09-21,2022-12-25
40,Manuel,Jimenez,1990-10-05,2017-05-17
41,Anna,Weber,1987-05-17,2021-09-25
42,Adrian,Perez,1994-11-01,2022-03-10
43,Frida,Hakansson,1998-08-22,2021-11-09
44,Nora,Persson,1989-06-05,2020-08-30
45,Oliver,Poulsen,1987-02-26,2022-01-19
46,Chloe,King,1989-12-25,2021-06-11
47,Erik,Pettersson,1985-08-16,2014-06-20
48,Charlotte,Fischer,1998-12-04,2023-01-28
49,Mario,Lopez,1976-08-23,2009-11-10
50,Baptiste,Simon,1992-05-29,2019-11-30
51,Marie,Schwarz,1995-04-05,2022-05-09
52,Ebba,Holm,1985-12-04,2022-07-20
53,Ethan,Johnson,2000-12-21,2022-08-23
54,Hannah,Richter,1981-12-23,2018-07-22
55,Agnes,Olsson,1981-09-04,2018-10-21
56,Agnes,Svensson,1982-02-23,2018-07-17
57,Frida,Eriksson,1985-03-05,2016-01-01
58,Mathias,Jensen,1999-03-06,2022-11-30
59,Max,Becker,1987-09-01,2021-10-01
60,Tim,Muller,1988-01-09,2022-10-01
61,Jack,Davies,1992-09-07,2022-07-22
62,Moritz,Neumann,1970-02-16,2014-12-08
63,Alva,Eriksson,1991-07-31,2021-12-09
64,Pablo,Jimenez,1998-12-07,2022-11-23
65,Ebba,Pettersson,1968-11-25,2008-05-30
66,Nora,Sandberg,1992-08-27,2019-03-29
67,Alejandro,Sanchez,1989-03-04,2023-08-19
68,Nora,Aberg,1999-02-03,2021-02-28
69,Noah,Jorgensen,1988-06-10,2022-08-24
70,Alexandre,Bernard,1986-08-17,2021-12-14
71,Alejandro,Romero,1988-01-31,2022-02-05
72,Ines,Laurent,2000-03-30,2023-04-04
73,Sara,Lindberg,1983-06-14,2020-08-14
74,Sofia,Johansson,1984-09-09,2019-02-02
75,Ida,Svensson,1997-09-07,2023-04-04
76,Noah,Brown,1986-06-04,2019-10-02
77,Felix,Muller,1994-03-31,2019-04-15
78,Erik,Eklund,2001-10-19,2023-09-17
79,Alvaro,Diaz,1991-12-20,2022-12-05
80,Marie,Michel,1985-08-20,2012-03-08
81,Clara,Robert,1989-02-04,2022-02-13
82,Viktor,Eklund,1986-08-03,2019-10-21
83,Henry,Roberts,1975-02-17,2010-01-17
84,Paula,Moreno,1983-07-29,2020-12-05
85,Adrian,Rodriguez,1997-07-24,2022-11-04
86,Pablo,Moreno,1989-12-30,2018-10-29
87,Pablo,Sanchez,1962-06-14,2008-09-19
88,Frida,Aberg,1991-08-06,2023-06-30
89,Viktor,Gustafsson,1995-12-18,2023-08-28
90,Jonas,Kruger,1980-06-30,2011-07-24
91,Daniel,Jimenez,1994-04-01,2019-09-18
92,Camille,Petit,1979-12-09,2008-08-19
93,Anna,Pettersson,1989-05-06,2020-02-24
94,Sara,Poulsen,1991-02-16,2018-09-03
95,Linnea,Eriksson,1984-02-04,2019-06-22
96,Emma,Kristensen,1976-12-22,2011-06-09
97,Alva,Johansson,1988-09-03,2018-02-05
98,Josephine,Olsen,1990-02-27,2019-02-04
99,Matilda,Pettersson,1991-01-24,2013-03-12
100,Noah,Larsson,1993-10-26,2023-06-06
101,Axel,Aberg,1990-04-09,2019-07-29
102,Hugo,Martin,1995-09-22,2017-03-02
103,Axel,Hakansson,1995-08-12,2020-04-17
104,Agnes,Hakansson,1997-07-28,2022-05-15
105,Anna,Bjork,1991-08-30,2021-05-04
106,William,Andersen,1991-04-18,2018-02-16
107,Maxime,Thomas,1979-06-11,2018-09-26
108,Martin,Lopez,1989-10-22,2022-08-10
109,Sofie,Pedersen,1995-03-05,2020-12-17
110,Nathan,Brown,1989-05-08,2018-04-27
111,Frida,Persson,1996-08-30,2023-04-16
112,Johan,Bergstrom,1987-01-02,2019-05-28
113,Linnea,Pettersson,1990-03-21,2021-02-15
114,Oliver,Evans,1997-12-25,2020-06-15
115,Adrian,Gonzalez,1989-11-28,2022-01-10
116,Ebba,Lindberg,1987-12-03,2018-06-03
117,Alva,Andersson,1992-01-22,2017-07-07
118,Klara,Nystrom,1992-12-22,2020-10-05
119,Matilda,Lindberg,1975-04-30,2007-03-29
120,Liam,Roberts,1984-05-02,2019-07-05
121,Johan,Olsson,1993-10-09,2018-12-23
122,Viktor,Larsson,2000-03-28,2022-06-20
123,Amelia,Allen,1984-07-07,2019-05-31
124,Emma,Dubois,1984-07-04,2016-04-24
125,Sara,Andersson,1998-09-03,2020-05-01
126,Johanna,Zimmermann,1996-05-02,2022-04-18
127,Lena,Schmidt,1992-03-21,2022-06-25
128,Oceane,Lambert,1981-12-19,2013-04-06
129,Valeria,Alvarez,1987-09-02,2018-01-12
130,Anna,Andersson,1994-07-28,2020-01-24
131,Louis,Dubois,1987-03-12,2020-02-15
132,Lukas,Eriksson,1989-10-17,2019-02-22
133,Klara,Pettersson,1998-07-28,2020-04-05
134,Lea,Lefebvre,1983-09-16,2019-02-17
135,Agnes,Eklund,1993-12-07,2019-11-07
136,Simon,Lindberg,1990-08-24,2016-02-18
137,Lena,Schwarz,1998-10-07,2022-04-21
138,Agnes,Gustafsson,1965-01-31,2014-08-15
139,Anna,Nielsen,1986-07-01,2022-03-29
140,Adrien,Lambert,1999-03-04,2022-12-27
141,Sara,Gonzalez,2000-01-04,2023-03-19
142,Anna,Olsson,1995-08-31,2022-06-24
143,Hugo,Andersson,1965-11-29,2010-03-17
144,Noah,Taylor,1968-03-20,2008-01-05
145,Manuel,Alvarez,1996-02-29,2021-10-22
146,Erik,Bergstrom,1989-07-19,2019-01-31
147,Frida,Karlsson,1993-07-06,2021-03-13
148,Thea,Madsen,1994-05-17,2020-12-01
149,Javier,Martinez,1978-02-20,2007-09-26
150,Noah,Olsson,1972-08-24,2010-08-23
151,Liam,Roberts,1983-01-10,2008-10-29
152,Freja,Jorgensen,1995-02-07,2022-03-23
153,Emil,Sandberg,1999-12-02,2021-11-17
154,Mathias,Johansen,1994-10-30,2022-03-21
155,Emilia,Meyer,1989-01-12,2022-02-28
156,Clara,Rasmussen,1992-03-10,2014-08-08
157,Adrian,Sanchez,1975-12-25,2009-03-01
158,Axel,Svensson,1987-06-15,2022-12-16
159,Alma,Pedersen,1985-03-07,2018-04-01
160,Matilda,Gustafsson,1988-04-19,2018-06-22
161,Viktor,Johansson,1990-08-09,2020-12-17
162,Mikkel,Johansen,1978-11-23,2012-06-13
163,Sarah,Durand,2001-07-05,2023-06-20
164,Maja,Nilsson,1991-04-15,2022-03-12
165,Anna,Lindberg,1986-07-19,2012-07-22
166,Elin,Olsson,1982-10-15,2011-11-16
167,Alejandro,Martin,1987-05-02,2021-03-18
168,Frida,Olsson,1987-10-29,2017-09-12
169,Hugo,Gustafsson,1997-03-21,2022-04-05
170,Linnea,Holm,1995-11-09,2022-03-30
171,Anna,Eklund,1960-01-31,2009-07-06
172,Alvaro,Perez,1998-10-09,2020-11-01
173,Manuel,Gomez,1988-03-17,2018-12-24
174,Anna,Schwarz,1998-07-10,2020-10-28
175,Erik,Gustafsson,1977-01-24,2019-06-24
176,Erik,Olsson,1976-02-26,2007-05-17
177,Maja,Pettersson,1998-12-16,2023-07-30
178,Clara,Poulsen,1992-12-12,2020-07-13
179,Joel,Lindberg,1996-09-27,2019-01-25
180,Adrian,Moreno,1991-07-28,2023-01-13
181,Mario,Martinez,1995-12-21,2020-03-08
182,Anna,Poulsen,1992-12-10,2020-10-12
183,Alva,Aberg,1981-11-14,2010-08-12
184,Alba,Perez,1982-03-17,2018-03-04
185,Johan,Aberg,1973-10-28,2011-11-20
186,Noah,Nielsen,1987-06-29,2019-05-26
187,Erik,Aberg,1987-12-02,2019-06-02
188,Thomas,Martin,1993-07-22,2022-07-27
189,Pablo,Garcia,1984-04-30,2019-12-15
190,Mila,Thomas,1993-06-18,2023-03-17
191,Noah,Hakansson,1995-05-06,2022-01-09
192,Paula,Rodriguez,1984-02-06,2015-09-13
193,Emily,Davies,1985-07-29,2018-09-07
194,Anna,Wagner,1970-07-18,2010-09-25
195,Oscar,Madsen,1970-01-14,2008-09-16
196,Martin,Gomez,1986-12-01,2019-09-16
197,Noah,Muller,1989-08-17,2021-06-06
198,Jules,Bernard,1983-05-10,2019-03-11
199,Sofia,Martin,1991-09-26,2021-08-22
200,Laura,Hoffmann,1993-01-21,2019-03-23
201,Clara,Durand,1994-07-10,2021-09-20
202,Elin,Eklund,2001-07-09,2023-10-30
203,Noa,Garcia,1997-07-07,2021-09-15
204,Anna,Christensen,1989-11-30,2018-03-10
205,Lucia,Rodriguez,1978-09-16,2018-07-24
206,Oliver,Hall,1995-02-28,2023-03-22
207,Tim,Wolf,2001-09-26,2023-11-13
208,Hugo,Sandberg,1988-09-29,2020-06-18
209,Emil,Svensson,2000-07-17,2023-03-03
210,Lena,Kruger,1996-04-15,2023-05-24
211,Max,Schneider,1991-04-16,2020-10-25
212,Joel,Eriksson,1993-02-17,2021-11-29
213,Anna,Schneider,1984-04-18,2019-06-08
214,Noah,Lindberg,1989-11-14,2021-01-06
215,Erik,Andersson,1997-01-25,2023-09-26
216,Maxime,Leroy,1981-11-04,2018-04-17
217,Diego,Diaz,1994-05-10,2020-11-15
218,Emil,Nielsen,1997-09-22,2023-03-06
219,Emily,White,1981-08-09,2019-10-01
220,Martin,Gomez,1991-11-02,2018-01-28
221,Frida,Gustafsson,1991-04-14,2018-12-31
222,Joel,Lundqvist,1998-04-05,2020-06-01
223,Manon,Moreau,1989-05-01,2017-08-29
224,Freja,Rasmussen,1998-01-17,2023-03-22
225,Oscar,Persson,1973-11-12,2019-04-30
226,Frida,Holm,1999-03-16,2021-07-20
227,Erik,Eklund,1992-10-02,2019-06-21
228,Hugo,Diaz,1988-02-15,2022-05-23
229,Alva,Lundqvist,1990-02-18,2021-03-15
230,Sara,Andersson,2001-09-11,2023-09-13
231,Felix,Bauer,2000-01-16,2022-03-22
232,Martin,Ruiz,1998-11-21,2023-05-30
233,Hannah,Neumann,1982-03-28,2021-08-05
234,Alva,Larsson,1992-05-13,2022-05-25
235,Linnea,Bergstrom,2000-10-14,2022-06-19
236,Joel,Sandberg,1979-02-10,2010-08-31
237,Sienna,Brown,1997-06-08,2020-07-08
238,Axel,Eklund,1990-04-22,2022-10-22
239,Ella,Evans,1986-07-03,2018-04-28
240,Maja,Hakansson,1994-10-26,2020-08-04
241,Alma,Madsen,1990-02-03,2021-11-16
242,Hannah,Bauer,1988-12-11,2014-07-27
243,Agnes,Gustafsson,1995-12-31,2022-12-16
244,Lukas,Lundqvist,1997-11-27,2023-12-28
245,Simon,Sandberg,1980-09-29,2018-11-16
246,Sofia,Bergstrom,1993-11-24,2023-07-20
247,Noah,Schneider,2000-02-23,2023-08-02
248,Nora,Svensson,1996-02-14,2023-08-23
249,Chloe,Simon,1991-10-11,2021-09-04
250,Antoine,Bonnet,1983-02-25,2015-06-18
251,Hannah,Wolf,1991-11-02,2021-01-23
252,Elena,Martinez,1970-09-01,2010-08-24
253,Anna,Pettersson,1969-07-27,2013-03-06
254,Klara,Eklund,1999-04-24,2021-08-12
255,Chloe,Girard,1989-10-16,2021-10-04
256,Axel,Sandberg,1992-10-25,2016-05-06
257,Josephine,Christensen,1968-05-26,2015-08-15
258,Hugo,Eriksson,1987-04-13,2018-05-12
259,Oscar,Lindberg,2001-09-14,2023-02-07
260,Johan,Nystrom,1999-01-17,2023-03-04
261,Amelia,Roberts,1992-06-18,2021-06-02
262,Alva,Andersson,1998-06-01,2020-03-31
263,Javier,Rodriguez,1998-04-25,2023-05-25
264,Hugo,Johansson,1994-10-07,2021-04-17
265,Emil,Sandberg,1992-09-08,2022-07-05
266,Adrien,Richard,1993-12-23,2021-06-08
267,Tim,Koch,1982-09-03,2009-01-25
268,Maxime,Petit,1992-06-07,2016-05-25
269,Axel,Bergstrom,1990-05-27,2019-06-01
270,Elena,Hernandez,1992-03-26,2023-04-17
271,Nathan,White,1992-11-19,2016-03-13
272,Henry,Taylor,1999-05-05,2023-09-26
273,Hugo,Bergstrom,1973-12-07,2010-04-05
274,Noah,Fischer,1993-06-12,2020-03-04
275,Sara,Eklund,1994-07-21,2018-01-11
276,Alvaro,Moreno,1990-08-03,2019-12-13
277,Lukas,Olsson,1981-07-09,2018-12-29
278,Frida,Johansson,1990-01-02,2020-09-11
279,Klara,Nilsson,1989-09-04,2018-12-22
280,Claudia,Lopez,1985-05-23,2015-02-07
281,Marie,Lambert,1979-02-11,2015-04-13
282,Ida,Persson,1998-11-12,2021-12-01
283,Agnes,Lindberg,1997-10-20,2022-07-04
284,Mila,Young,1981-02-20,2015-01-29
285,Oscar,Sandberg,2000-08-03,2023-04-19
286,Matilda,Nilsson,1985-02-16,2018-07-21
287,Clara,Nielsen,1991-01-04,2020-07-25
288,James,Smith,1988-07-19,2022-06-14
289,Alba,Rodriguez,1988-12-20,2019-04-20
290,Manon,Richard,1989-08-06,2020-07-27
291,Agnes,Karlsson,1986-05-23,2013-04-20
292,Johan,Svensson,1978-08-24,2019-12-11
293,Viktor,Nilsson,1977-10-09,2018-10-12
294,Noah,Bauer,1994-07-03,2022-02-01
295,Elias,Richter,1970-05-16,2009-10-16
296,Erik,Aberg,1993-04-22,2020-12-22
297,Alba,Jimenez,1995-04-20,2022-11-28
298,Noah,Bergstrom,1990-08-18,2020-08-09
299,Alejandro,Martin,1986-01-20,2019-03-05
300,Sofia,Aberg,1970-10-18,2015-08-28
301,Hugo,Lundqvist,1985-01-18,2018-07-13
302,Johanna,Hartmann,2000-03-15,2022-08-29
303,Thea,Jensen,1992-10-25,2018-02-24
304,Noa,Alvarez,1999-01-29,2022-01-21
305,Hugo,Alvarez,2000-08-18,2023-11-05
306,Adrian,Ruiz,1986-11-13,2012-04-12
307,James,Wilson,1997-11-28,2023-06-30
308,Margaux,David,1983-08-12,2021-07-11
309,Henry,Allen,1989-08-05,2021-08-04
310,Sara,Pedersen,1975-08-17,2011-03-28
311,Sara,Ruiz,1990-03-24,2020-06-28
312,Simon,Lundqvist,1993-05-17,2015-08-17
313,Camille,Lefebvre,1996-07-22,2018-05-27
314,Anna,Lundqvist,1983-12-14,2013-08-01
315,Agnes,Karlsson,1989-05-30,2017-11-02
316,Chloe,Wilson,1994-05-15,2021-11-10
317,Alva,Karlsson,1995-12-07,2022-04-05
318,Marie,Dubois,1998-12-01,2022-10-24
319,Joel,Eklund,1980-09-17,2015-03-06
320,Sofia,Moreno,1975-03-18,2013-07-27
321,Noah,Pettersson,1996-12-16,2023-10-08
322,Valeria,Alvarez,1987-02-08,2017-07-31
323,Leon,Koch,1992-10-02,2019-06-05
324,Mila,Roberts,1990-10-31,2022-11-17
325,Margaux,Roux,1991-02-06,2019-03-18
326,Alejandro,Diaz,1993-09-09,2020-03-15
327,Elin,Johansson,1977-08-08,2015-09-21
328,Elias,Weber,1987-11-16,2022-08-28
329,Julie,Dupont,1992-01-28,2014-06-11
330,Agnes,Johansson,1988-03-03,2023-09-06
331,Javier,Moreno,1985-08-29,2010-06-17
332,Johan,Bjork,1985-09-20,2019-03-31
333,Jonas,Wolf,1982-06-22,2011-12-03
334,Sophie,Kruger,1999-11-21,2023-01-20
335,Sarah,Morel,1990-05-21,2021-10-26
336,Emily,Wilson,1987-06-09,2021-08-12
337,Hugo,Nilsson,1975-09-25,2010-07-06
338,Frida,Bjork,1987-06-17,2018-04-08
339,Ebba,Larsson,1978-03-24,2007-02-10
340,Clara,Laurent,1998-11-18,2020-01-21
341,Maja,Andersson,1984-08-10,2018-12-31
342,Ida,Aberg,1989-03-30,2022-03-05
343,Axel,Nystrom,1991-04-18,2022-07-23
344,Paul,Weber,2000-01-28,2023-09-21
345,Marie,Wagner,1995-05-09,2021-06-06
346,Ebba,Lundqvist,1976-12-02,2006-04-12
347,Tim,Muller,1995-05-12,2020-11-06
348,Mario,Martinez,1984-07-01,2018-01-12
349,Emilia,Schmidt,1983-12-06,2014-12-05
350,Jules,Richard,1981-04-06,2014-02-17
351,Louis,Simon,1984-01-09,2016-11-18
352,Elias,Kruger,1992-06-20,2019-05-04
353,Claudia,Perez,1998-04-18,2020-02-17
354,Hannah,Fischer,1972-07-04,2008-09-07
355,Paul,Meyer,1986-01-12,2018-12-01
356,Chloe,Robert,1988-07-23,2022-03-02
357,Joel,Aberg,1984-06-04,2012-09-16
358,Hugo,Johansson,1990-09-09,2022-01-06
359,Mikkel,Poulsen,1996-07-31,2021-03-28
360,Linnea,Nystrom,1989-03-16,2021-01-26
361,Lucia,Romero,1984-09-21,2018-07-02
362,Frida,Bergstrom,1990-01-22,2021-10-04
363,Oceane,Morel,1978-12-10,2018-01-16
364,Elin,Nystrom,1973-04-29,2010-11-07
365,Max,Schmidt,1972-12-31,2006-09-08
366,Pablo,Diaz,1990-04-22,2022-06-20
367,Sara,Olsen,1979-02-05,2006-01-29
368,Ida,Hansen,1996-01-28,2018-09-02
369,Marie,Hoffmann,1982-07-03,2022-11-07
370,Noa,Ruiz,1984-08-17,2012-07-09
371,Ebba,Lindberg,1993-08-17,2023-08-13
372,Charlotte,Becker,1994-01-06,2023-07-27
373,Lukas,Nilsson,1997-10-14,2019-03-08
374,James,Brown,1977-04-08,2007-08-08
375,Johan,Hakansson,1988-03-13,2020-08-21
376,Maja,Olsson,1987-06-18,2015-10-10
377,Viktor,Sandberg,1997-08-22,2020-03-17
378,Carmen,Gomez,1976-03-23,2010-01-11
379,Claudia,Gonzalez,1977-08-29,2007-07-18
380,Simon,Larsson,1991-11-21,2021-08-26
381,Luisa,Klein,1992-12-13,2018-08-14
382,Elin,Sandberg,2001-01-01,2023-03-27
383,Anna,Persson,1986-10-22,2019-12-28
384,Alejandro,Lopez,1993-01-03,2015-03-29
385,Felix,Weber,1988-04-08,2020-04-29
386,Alexandre,Lambert,1987-11-19,2018-06-09
387,Emilia,Muller,1986-07-15,2020-06-11
388,Ella,Smith,2000-11-04,2023-04-18
389,Viktor,Nielsen,1990-12-03,2020-08-09
390,Elin,Bjork,1998-08-12,2021-05-03
391,Ethan,Walker,1981-11-08,2011-06-05
392,Klara,Johansson,1977-09-14,2013-11-19
393,Mila,King,1990-11-21,2020-09-01
394,Lukas,Pettersson,1992-07-19,2021-04-14
395,Tim,Neumann,1989-09-18,2022-09-08
396,Manon,Durand,1982-03-05,2019-08-16
397,Simon,Lundqvist,1968-02-17,2010-11-14
398,Max,Neumann,1972-10-11,2014-05-11
399,Manon,Petit,2001-06-11,2023-06-20
400,Maja,Lindberg,1990-11-05,2016-07-11
401,Paul,Bonnet,1979-03-24,2017-11-03
402,Oceane,Morel,1977-02-28,2014-09-13
403,Marie,Robert,1981-06-22,2019-12-01
404,Liam,Young,1980-01-25,2012-04-05
405,Charlotte,Weber,1989-09-20,2011-03-02
406,Agnes,Karlsson,1993-05-27,2022-04-24
407,Ebba,Bjork,1969-02-23,2011-08-12
408,Marie,Kruger,1995-07-03,2021-06-01
409,Maja,Persson,1999-10-05,2021-06-10
410,Oceane,Leroy,1990-07-15,2019-12-01
411,Matilda,Bergstrom,1982-02-19,2012-10-04
412,Sara,Svensson,1989-09-06,2011-08-09
413,Sofia,Andersson,1981-02-03,2013-12-06
414,Nicolas,Bernard,1985-02-15,2012-09-15
415,Emma,Kristensen,1994-07-07,2019-04-29
416,James,Taylor,1996-03-24,2020-11-06
417,Andreas,Madsen,1996-07-01,2020-06-04
418,Noah,Holm,1997-03-23,2019-12-05
419,Baptiste,Dubois,1995-04-28,2020-02-02
420,Joel,Eriksson,1969-09-17,2012-10-27
421,Ebba,Aberg,1975-09-23,2015-10-28
422,Viktor,Olsen,2000-10-06,2023-06-30
423,Matilda,Eklund,1988-02-05,2019-05-31
424,Maja,Persson,1991-09-21,2018-02-08
425,Moritz,Schwarz,1986-05-18,2013-01-03
426,Ida,Lundqvist,1982-03-09,2020-08-31
427,Agnes,Karlsson,1996-10-07,2020-09-15
428,Sara,Garcia,1989-01-05,2018-03-25
429,Sofia,Karlsson,1993-05-16,2021-11-11
430,Sienna,Johnson,1992-02-07,2020-07-22
431,Frida,Eriksson,1996-05-17,2023-01-30
432,Josephine,Jensen,1995-08-01,2022-12-15
433,Mathias,Rasmussen,2000-04-18,2022-05-27
434,Noah,Svensson,1997-01-23,2019-06-04
435,Daniel,White,1978-11-26,2015-07-29
436,Axel,Gustafsson,1981-02-19,2015-05-18
437,Alva,Aberg,1968-06-15,2011-06-11
438,Mia,Schafer,1992-10-16,2021-06-13
439,Ebba,Bjork,1987-02-12,2020-10-13
440,Ebba,Lindberg,1978-04-20,2018-04-27
441,Luisa,Zimmermann,1998-11-07,2020-12-23
442,Elias,Hartmann,1982-04-02,2018-10-01
443,Baptiste,Dupont,1997-11-01,2019-08-30
444,Liam,Thomas,1983-07-29,2019-12-30
445,Emma,Hansen,1988-01-12,2013-11-16
446,Margaux,David,1993-09-22,2022-04-26
447,Axel,Sandberg,1976-05-08,2007-08-15
448,Charlotte,Hartmann,1985-06-24,2019-12-15
449,Josephine,Hansen,1981-08-13,2010-01-02
450,Sophie,Hoffmann,1982-10-10,2015-05-04
451,Emil,Gustafsson,1995-12-23,2020-07-06
452,Nora,Bjork,1973-04-29,2006-03-31
453,Louis,Simon,1978-09-28,2010-04-16
454,Jack,King,1992-02-25,2023-06-18
455,Sara,Hakansson,1977-08-18,2015-08-19
456,Alejandro,Ruiz,1984-02-05,2021-12-10
457,Ida,Olsson,1983-07-15,2014-09-10
458,Lea,Bertrand,1979-07-30,2010-04-21
459,Grace,Wilson,1984-12-04,2021-01-12
460,Sophie,Hartmann,1996-06-10,2018-01-22
461,Noah,Wagner,1995-07-12,2020-03-19
462,Agnes,Aberg,1996-01-28,2023-11-05
463,Chloe,Lambert,1984-03-25,2021-06-20
464,Ida,Olsson,1966-06-26,2009-10-11
465,Andreas,Madsen,1994-03-31,2016-06-14
466,Sienna,Roberts,2000-01-16,2023-06-13
467,Lea,Durand,1981-03-02,2018-11-08
468,Diego,Romero,1991-09-16,2022-10-04
469,Maja,Nilsson,2001-02-14,2023-06-06
470,Joel,Gustafsson,1993-12-29,2017-12-19
471,Alvaro,Perez,2001-05-12,2023-09-03
472,Oscar,Aberg,1990-03-03,2021-10-19
473,Jack,Brown,1995-01-29,2022-09-09
474,Johanna,Neumann,1996-05-28,2021-06-27
475,Antoine,Dubois,1985-02-21,2021-12-12
476,Henry,Thomas,1992-04-27,2020-01-25
477,Sophie,Kruger,1981-05-23,2013-07-15
478,Viktor,Sandberg,1994-04-27,2023-08-31
479,Lea,Robert,1988-09-20,2023-11-18
480,Pablo,Gonzalez,1992-08-29,2020-07-28
481,Emil,Nilsson,1993-02-15,2019-07-07
482,Noah,Sandberg,1986-05-23,2014-07-05
483,Emilia,Muller,1991-02-09,2018-05-10
484,Johan,Olsson,1997-01-18,2023-08-03
485,Emil,Lundqvist,1969-03-30,2010-09-18
486,Viktor,Sandberg,1974-02-03,2010-10-28
487,Hugo,Svensson,1992-03-18,2019-09-22
488,Nathan,Walker,1990-03-11,2022-12-07
489,Nicolas,Durand,2000-09-17,2023-12-21
490,Ethan,Smith,1986-12-10,2019-07-30
491,Sofia,Eklund,2001-09-10,2023-05-11
492,Ebba,Aberg,1997-06-27,2022-07-14
493,Noah,Poulsen,1987-11-19,2022-10-09
494,Noah,Richter,1994-03-20,2023-04-24
495,Axel,Nilsson,1990-08-21,2021-08-09
496,Daniel,Martinez,2001-12-17,2023-12-07
497,Elin,Bergstrom,1988-05-09,2020-12-18
498,Agnes,Andersson,1991-07-07,2021-05-14
499,Thomas,Thomas,1988-02-28,2021-05-24
500,Emma,Petit,1983-05-21,2018-08-05
501,Paul,Morel,1981-01-17,2013-05-31
502,Emil,Eriksson,1995-08-05,2020-07-07
503,Lucas,Dupont,1990-09-21,2022-07-20
504,Sofia,Olsson,1986-08-31,2020-06-10
505,Thomas,Dupont,1977-02-22,2006-05-09
506,Julie,Bernard,1994-07-29,2021-10-13
507,Freja,Pedersen,1983-05-23,2021-02-16
508,Jack,Walker,1990-04-14,2023-12-02
509,Joel,Svensson,1966-10-15,2010-10-30
510,Felix,Klein,1995-06-04,2023-02-07
511,Oliver,Sorensen,1991-11-23,2013-08-03
512,Louis,Girard,1993-11-04,2020-12-28
513,Ethan,King,1998-09-11,2020-10-06
514,Finn,Bauer,1999-12-15,2021-01-17
515,Ava,Brown,1991-02-21,2017-03-21
516,James,Roberts,1989-03-01,2019-05-09
517,Manuel,Jimenez,1991-02-10,2020-09-27
518,Agnes,Persson,1988-08-23,2013-09-29
519,Maja,Lindberg,1985-11-23,2019-12-12
520,Anna,Zimmermann,2000-05-15,2022-02-05
521,Moritz,Muller,1998-01-26,2023-05-18
522,Emma,Johnson,1993-09-18,2020-08-19
523,Luisa,Hartmann,1991-03-06,2022-01-13
524,Sophie,Neumann,1989-04-30,2021-03-23
525,Elin,Nilsson,1993-05-18,2018-10-31
526,Tim,Klein,1996-07-20,2018-02-12
527,Ava,Taylor,1994-05-31,2016-12-20
528,Clara,Girard,1985-01-28,2018-01-21
529,Maja,Larsson,2000-02-14,2023-01-13
530,Sara,Svensson,1975-05-03,2007-12-16
531,Elin,Johansson,1984-11-02,2018-05-21
532,Sara,Gustafsson,2001-05-23,2023-04-01
533,Nicolas,Fournier,1991-12-24,2022-08-20
534,Magnus,Kristensen,1988-07-11,2018-04-16
535,Clara,Durand,1999-11-22,2023-11-08
536,Sara,Nilsson,1997-10-27,2020-11-28
537,Marie,Klein,1976-03-01,2019-03-21
538,Frida,Holm,1975-10-07,2009-11-09
539,Viktor,Eriksson,1991-12-22,2023-12-29
540,Emilia,Hartmann,1989-09-26,2017-08-05
541,Emilia,Muller,1974-04-28,2014-12-12
542,Paul,Moreau,1995-06-18,2022-07-19
543,Alejandro,Alvarez,1982-07-02,2012-12-08
544,Sofia,Bjork,1977-01-24,2010-02-19
545,Lea,Simon,1985-07-23,2017-12-14
546,Erik,Lundqvist,1991-12-10,2022-01-02
547,Charlotte,Hartmann,1984-10-15,2019-04-28
548,Alma,Thomsen,1997-01-02,2019-10-24
549,Nora,Olsson,1996-06-08,2020-09-14
550,Ella,Brown,1998-01-06,2020-08-26
551,Frida,Karlsson,1994-12-01,2020-07-09
552,Irene,Hernandez,1995-06-09,2022-04-27
553,Maja,Lindberg,1998-05-04,2020-09-25
554,Oscar,Olsson,1987-06-13,2014-05-23
555,Lea,Michel,1993-02-19,2021-04-05
556,Alma,Rasmussen,1991-09-25,2022-10-31
557,Valeria,Martin,1999-09-25,2021-10-08
558,Sara,Lindberg,1984-11-17,2019-12-09
559,Nora,Lundqvist,1971-05-19,2012-08-13
560,Freja,Sorensen,1993-10-28,2022-10-02
561,Oceane,Lambert,1986-08-14,2018-02-27
562,Johan,Holm,1987-08-26,2021-04-10
563,Margaux,Martin,2000-03-21,2022-02-03
564,Emilia,Kruger,1992-08-13,2022-01-05
565,Carmen,Ruiz,1986-03-27,2020-10-13
566,Noah,Johansson,1987-03-25,2019-09-25
567,Anna,Olsen,1993-10-25,2021-11-24
568,Alexandre,Roux,1986-09-07,2014-08-07
569,Sofia,Karlsson,1993-10-01,2019-09-22
570,Grace,Wilson,1968-10-13,2010-12-30
571,Linnea,Persson,1990-05-10,2021-01-12
572,Ethan,Davies,1997-02-27,2022-11-02
573,Laura,Poulsen,1992-07-15,2022-03-04
574,Hugo,Richard,1993-10-29,2019-04-26
575,Sara,Hakansson,1986-03-07,2018-12-07
576,Matilda,Bjork,1996-04-22,2023-02-10
577,Magnus,Johansen,1996-07-22,2022-08-17
578,Anna,Schmidt,1999-12-27,2021-12-13
579,Alma,Madsen,1997-10-05,2021-09-01
580,William,Sorensen,1987-12-13,2019-07-15
581,Oliver,Hall,1982-05-28,2015-01-01
582,Hugo,Thomas,1988-01-04,2018-05-14
583,Nora,Sandberg,1984-04-22,2018-03-14
584,Anna,Svensson,1987-08-06,2018-05-10
585,Johan,Bjork,1973-01-20,2006-09-23
586,Laura,Thomsen,1998-08-23,2021-08-05
587,Liam,Wilson,1989-09-15,2021-02-07
588,Daniel,Diaz,1985-08-11,2016-12-05
589,Emil,Larsson,1998-01-08,2020-08-21
590,Sara,Nystrom,1976-06-19,2008-11-01
591,Alba,Martinez,1992-09-21,2019-06-27
592,Charlotte,Schneider,1996-04-01,2023-01-26
593,Oliver,Hansen,1984-06-08,2018-02-12
594,Emily,Walker,1988-12-09,2022-03-21
595,Josephine,Christensen,1981-11-19,2019-10-04
596,Felix,Zimmermann,1986-06-13,2015-05-05
597,Chloe,Evans,1979-11-12,2006-03-24
598,Maja,Persson,1988-12-13,2021-03-25
599,Erik,Olsson,1986-06-27,2019-02-04
600,Oliver,Johnson,1988-07-22,2022-06-27
601,Agnes,Nilsson,1998-07-02,2021-11-04
602,Ethan,Young,1981-02-20,2018-05-04
603,Emil,Pedersen,1990-03-10,2022-02-17
604,Diego,Ruiz,1997-03-23,2023-08-07
605,Joel,Larsson,1985-07-31,2022-03-30
606,Liam,Roberts,1989-08-12,2019-05-25
607,Maja,Persson,1990-09-04,2020-01-12
608,Erik,Pettersson,1982-11-08,2015-03-27
609,Jonas,Hoffmann,1993-01-05,2023-07-03
610,Klara,Johansson,1969-03-29,2006-12-04
611,Klara,Bjork,1997-08-10,2019-04-10
612,Anna,Lindberg,1987-05-23,2019-12-04
613,Laura,Meyer,1990-12-25,2019-09-21
614,Leon,Neumann,2000-08-20,2022-05-07
615,Liam,Young,1996-04-09,2022-11-04
616,Chloe,Dubois,1991-09-05,2017-02-14
617,Magnus,Madsen,1968-03-26,2010-04-15
618,Hugo,Svensson,1979-09-14,2019-03-01
619,Clara,Dubois,1991-01-17,2023-09-08
620,Viktor,Larsson,1994-08-10,2016-03-29
621,Paul,Becker,1997-09-19,2020-02-15
622,Paula,Fernandez,1991-01-06,2018-03-20
623,Martin,Hernandez,1991-08-08,2021-12-10
624,Daniel,Garcia,1990-09-14,2020-10-28
625,Ida,Holm,1996-02-27,2023-09-22
626,Ines,David,1989-03-29,2017-06-04
627,Simon,Lindberg,1993-10-01,2018-08-20
628,Alva,Sandberg,1994-09-28,2022-08-02
629,Henry,King,1988-10-18,2016-12-21
630,Klara,Holm,1987-02-01,2021-07-08
631,Johanna,Schwarz,1990-01-05,2017-01-11
632,Linnea,Aberg,1987-08-31,2020-09-18
633,Henry,Allen,1979-07-19,2010-12-26
634,Emma,Bertrand,1998-03-31,2020-08-20
635,Sofia,Larsson,1992-10-14,2022-06-02
636,Klara,Lundqvist,1970-12-05,2006-04-29
637,Lukas,Andersson,1966-11-16,2006-05-29
638,Oscar,Karlsson,1998-07-02,2020-02-09
639,Moritz,Bauer,1996-06-22,2021-08-04
640,Jules,Petit,1988-06-18,2019-06-06
641,Grace,Evans,1994-03-09,2016-02-09
642,Noah,Gustafsson,1994-05-16,2020-04-25
643,Linnea,Johansson,1992-06-10,2023-06-27
644,Jack,Thomas,1990-05-21,2019-11-17
645,Oscar,Johansson,1976-11-29,2006-05-02
646,Clara,Olsen,1985-07-16,2016-12-19
647,Agnes,Eklund,2001-02-08,2023-04-12
648,Sofie,Thomsen,1987-01-31,2019-10-25
649,Julie,Robert,1987-07-26,2019-08-21
650,Josephine,Jorgensen,1993-11-21,2020-02-09
651,Noah,Persson,1977-10-23,2018-10-10
652,Daniel,Garcia,1987-12-01,2021-12-01
653,Oliver,Thomsen,1990-05-04,2022-09-21
654,Ethan,Thomas,1998-07-20,2022-07-12
655,Emilia,Wolf,2001-10-25,2023-01-05
656,Hannah,Bauer,1966-05-09,2013-02-08
657,Noah,Thomas,1999-06-10,2023-12-17
658,Sofie,Olsen,1980-02-01,2015-04-08
659,Emily,Taylor,1994-09-10,2020-05-23
660,Chloe,Bonnet,1985-06-10,2021-11-29
661,Lucas,Laurent,1988-06-25,2020-07-11
662,Antoine,Bernard,1993-09-09,2021-11-17
663,Ben,Wolf,1979-09-28,2018-11-10
664,Noah,Eklund,1993-10-13,2020-11-03
665,Oscar,Hansen,1994-07-06,2017-03-19
666,Magnus,Jorgensen,1989-01-11,2012-12-29
667,Ella,Young,1965-03-22,2006-05-12
668,Klara,Sandberg,1997-03-03,2023-04-14
669,Claudia,Fernandez,1998-04-22,2023-01-03
670,Maxime,Thomas,1990-05-08,2020-05-20
671,Linnea,Pettersson,1994-04-09,2022-12-01
672,Oscar,Gustafsson,1991-04-14,2019-06-10
673,Ines,Richard,1992-01-29,2020-12-14
674,Camille,Petit,1987-11-18,2018-06-11
675,Laura,Zimmermann,1985-06-24,2018-03-01
676,Emil,Andersson,1994-12-10,2019-02-10
677,James,Roberts,1991-01-06,2021-08-30
678,Manon,Bonnet,1987-12-24,2015-08-29
679,Nathan,Davies,1992-07-29,2018-07-02
680,Camille,Roux,1998-09-15,2020-04-10
681,Noah,Pettersson,1999-03-10,2021-08-19
682,Irene,Moreno,1974-08-11,2015-01-11
683,Linnea,Aberg,1983-06-05,2019-10-22
684,Emma,Jorgensen,1988-08-05,2022-09-30
685,Carmen,Fernandez,2000-11-26,2023-12-25
686,Javier,Rodriguez,1997-07-14,2019-05-15
687,Viktor,Lundqvist,1994-07-31,2020-08-30
688,Nicolas,Bertrand,2001-06-25,2023-07-22
689,Thomas,Dupont,1987-01-30,2017-02-23
690,Elena,Romero,1989-11-06,2020-07-10
691,Martin,Lopez,1992-04-01,2015-05-11
692,Emilia,Koch,1987-09-08,2019-12-05
693,Elias,Wolf,1993-09-03,2019-09-30
694,Alexandre,Bonnet,1991-05-09,2019-10-03
695,Laura,Andersen,1994-10-16,2021-04-20
696,Lukas,Olsson,1999-07-31,2022-06-08
697,Marie,Girard,1967-01-29,2008-07-14
698,Noah,Svensson,1984-09-08,2021-09-27
699,Noah,Persson,1988-12-19,2018-09-27
700,Emily,Smith,2001-09-22,2023-07-08
701,Ida,Johansson,1982-10-13,2014-04-29
702,Lukas,Olsson,1981-09-09,2014-07-01
703,Grace,Walker,1982-07-21,2014-01-04
704,Noah,Evans,1997-04-24,2023-07-04
705,Liam,Evans,1976-04-19,2015-06-25
706,Paul,Fournier,1991-12-13,2022-02-04
707,Sophie,Wagner,1991-04-10,2013-12-20
708,Freja,Hansen,1974-06-01,2015-12-30
709,Hugo,Bernard,1977-09-08,2009-01-10
710,Emil,Lundqvist,1990-05-10,2023-04-23
711,Oliver,Taylor,1988-10-09,2015-04-16
712,Viktor,Larsson,1990-03-02,2019-09-21
713,Simon,Lundqvist,1996-08-04,2019-08-21
714,Paul,Schneider,1988-03-27,2019-07-27
715,Daniel,Allen,1997-09-01,2022-09-01
716,Emma,Madsen,1994-03-30,2022-06-22
717,Ebba,Svensson,1995-07-29,2020-05-02
718,Hugo,Sandberg,1990-03-10,2020-12-16
719,Paul,Simon,2001-12-07,2023-03-19
720,Jack,Roberts,1981-10-19,2019-08-11
721,Lukas,Hakansson,1989-04-27,2023-06-03
722,Klara,Svensson,1978-07-11,2006-08-31
723,Magnus,Sorensen,1979-10-11,2019-06-16
724,Tim,Muller,1971-03-21,2012-06-02
725,Noah,Neumann,1994-07-02,2023-10-28
726,Pablo,Jimenez,1995-09-04,2017-06-20
727,Nathan,Wilson,1984-07-03,2011-03-23
728,Max,Richter,1997-10-26,2023-06-15
729,Anna,Hakansson,1985-06-08,2020-02-13
730,Ida,Svensson,1994-03-22,2021-04-16
731,Elin,Eriksson,1996-12-20,2020-02-18
732,Alva,Persson,1981-08-18,2019-04-21
733,Oliver,Sorensen,1987-05-27,2020-06-23
734,Viktor,Eriksson,1991-07-29,2013-02-01
735,Paul,Zimmermann,1994-03-10,2020-04-27
736,Nathan,Davies,1981-09-21,2014-07-08
737,Sofia,Lindberg,1995-01-30,2020-10-11
738,Sofia,Hakansson,1978-10-04,2015-03-31
739,Jack,Wilson,1999-11-16,2022-11-17
740,Ida,Sorensen,1998-09-17,2023-04-15
741,Jonas,Hartmann,1971-04-17,2007-07-29
742,Max,Schneider,1987-10-28,2019-11-01
743,Lea,Bernard,1997-01-20,2021-01-30
744,Sara,Hernandez,2000-08-29,2022-04-10
745,Sofia,Eriksson,1996-07-27,2023-04-24
746,Sara,Alvarez,1985-10-14,2018-08-15
747,Erik,Pettersson,1976-12-27,2013-10-27
748,Ella,Johnson,1999-01-18,2021-11-19
749,Alba,Perez,1999-05-16,2021-06-03
750,Anna,Poulsen,1989-02-04,2014-12-27
751,Noah,Hakansson,1992-05-26,2021-05-26
752,Oscar,Lindberg,1987-06-25,2022-09-12
753,Sara,Perez,1987-05-17,2018-12-04
754,Lucas,Sorensen,1996-12-21,2020-06-14
755,Nora,Larsson,1980-05-28,2014-08-02
756,Emma,Christensen,1987-05-24,2018-10-16
757,Nora,Pettersson,1996-11-19,2020-12-25
758,Hugo,Lindberg,1992-05-26,2020-12-06
759,Johan,Nilsson,1969-03-01,2010-05-04
760,Oliver,Johnson,1989-11-22,2019-10-02
761,Alexandre,Martin,1997-04-05,2023-04-29
762,Liam,Roberts,1988-06-30,2019-06-17
763,Sofia,Lundqvist,1990-03-03,2023-07-13
764,Martin,Lopez,1983-02-19,2014-11-23
765,Thomas,Martin,1984-08-27,2019-10-08
766,Chloe,Brown,1999-10-01,2021-10-09
767,Anna,Eriksson,1985-11-23,2019-05-16
768,Felix,Bauer,2000-04-10,2022-04-15
769,Andreas,Madsen,1994-04-29,2023-03-20
770,Simon,Hakansson,1979-08-22,2018-06-03
771,Martin,Fernandez,1987-04-03,2018-03-24
772,Paula,Martin,1973-07-01,2013-07-22
773,Emma,Pedersen,2000-09-20,2022-07-18
774,William,Hansen,1997-12-01,2019-02-02
775,Anna,Aberg,1988-12-26,2018-10-13
776,Erik,Olsson,2001-09-14,2023-11-07
777,Emil,Kristensen,1987-06-29,2018-02-10
778,Ebba,Nilsson,1979-06-12,2014-12-05
779,Pablo,Martin,1991-02-28,2022-06-10
780,Irene,Romero,1991-02-19,2019-11-26
781,Marie,Hartmann,1986-02-04,2016-10-15
782,Ida,Eriksson,1983-04-28,2019-05-09
783,Ida,Thomsen,1987-08-25,2021-09-10
784,Nora,Svensson,1993-10-02,2023-08-07
785,Jonas,Schwarz,1991-12-24,2020-11-24
786,Amelia,Thomas,1978-05-20,2012-10-28
787,Moritz,Becker,1989-08-30,2019-06-11
788,Felix,Schmidt,1982-04-25,2017-04-06
789,Noah,Pettersson,1973-10-02,2014-04-23
790,Elias,Meyer,1989-07-17,2018-05-12
791,Margaux,David,1995-08-01,2020-02-11
792,Viktor,Bergstrom,1998-04-07,2022-02-24
793,Nathan,Wilson,1987-04-20,2021-10-16
794,Felix,Richter,2001-09-10,2023-04-21
795,Sofia,Persson,1993-12-28,2018-10-10
796,Ida,Pettersson,1982-11-16,2019-03-17
797,Oscar,Persson,1993-11-21,2021-12-18
798,Hannah,Weber,1995-08-27,2023-02-19
799,Frida,Eriksson,1987-01-02,2020-09-24
800,Emily,Johnson,1993-03-01,2021-03-05
801,Anna,Hakansson,1991-02-23,2019-08-25
802,Paul,Weber,1986-11-26,2019-12-05
803,Paul,Wolf,1999-05-08,2022-12-06
804,Liam,Brown,1991-10-21,2020-05-05
805,Oliver,Wilson,1972-01-05,2010-07-02
806,Adrian,Jimenez,1993-10-25,2022-02-26
807,Manuel,Perez,1992-12-27,2018-01-01
808,Chloe,Evans,1996-12-23,2019-08-07
809,Sara,Rodriguez,1998-08-28,2023-05-07
810,Josephine,Jorgensen,1968-05-12,2009-06-27
811,Margaux,Durand,1977-10-24,2010-06-23
812,Chloe,White,1992-03-15,2019-12-28
813,Anna,Bergstrom,1983-05-06,2014-08-09
814,Maja,Lindberg,1986-09-09,2019-02-24
815,Oscar,Bergstrom,1997-04-06,2020-07-24
816,Ida,Jensen,2001-06-19,2023-09-20
817,Hugo,Gomez,1996-09-01,2018-04-15
818,Sarah,Richard,1980-12-03,2015-06-20
819,Ebba,Holm,1988-04-05,2022-04-13
820,Simon,Lindberg,1990-06-06,2019-09-21
821,Jack,Thomas,1987-08-28,2023-04-20
822,Daniel,Jimenez,1970-01-08,2010-09-25
823,Joel,Nystrom,2001-04-29,2023-06-22
824,Simon,Pettersson,1985-12-22,2018-02-18
825,Agnes,Hakansson,1992-01-15,2021-12-02
826,Margaux,Richard,1986-03-02,2014-01-01
827,James,Young,1987-04-25,2019-01-10
828,Jonas,Hoffmann,1983-03-09,2012-11-19
829,Sofia,Karlsson,1976-11-11,2014-01-14
830,Max,Koch,1992-10-01,2020-11-30
831,Liam,Smith,1994-02-27,2023-08-04
832,Liam,Taylor,1989-03-24,2021-11-04
833,Ines,Girard,1995-12-27,2018-01-07
834,Ebba,Svensson,1987-01-06,2017-02-19
835,Oscar,Larsson,1991-01-30,2020-07-02
836,Nicolas,Bernard,1991-09-27,2022-02-11
837,Freja,Madsen,1998-06-25,2023-01-04
838,Emma,Madsen,2000-07-20,2022-01-03
839,Adrian,Garcia,1987-07-16,2022-07-07
840,Elin,Lundqvist,1990-02-14,2021-10-31
841,Javier,Sanchez,1985-03-03,2019-07-11
842,Oscar,Eriksson,2001-10-05,2023-07-31
843,Adrian,Romero,1993-03-07,2023-01-16
844,Emil,Bjork,1982-01-08,2018-09-02
845,Noah,Bjork,1978-09-24,2015-12-13
846,Hugo,Aberg,1991-10-15,2022-09-28
847,Irene,Sanchez,1994-03-16,2020-03-07
848,Sofia,Andersson,1981-05-02,2006-04-19
849,Diego,Martin,1989-06-02,2016-06-10
850,Finn,Wolf,1991-07-28,2020-03-31
851,Emily,Wilson,1984-03-04,2022-04-27
852,Emma,Nielsen,1990-05-20,2020-02-01
853,Grace,Walker,1998-05-01,2020-09-30
854,Matilda,Karlsson,1979-09-29,2012-04-15
855,Ebba,Nystrom,1988-01-23,2021-07-27
856,Diego,Perez,2000-03-30,2023-12-27
857,Axel,Hakansson,1981-05-03,2015-11-22
858,Sara,Holm,1984-04-24,2017-10-05
859,Ethan,Wilson,1999-05-08,2021-07-31
860,Josephine,Jensen,1999-11-08,2023-03-25
861,Sara,Hakansson,1969-11-28,2009-02-14
862,Sophie,Richter,2000-02-04,2022-02-19
863,Emil,Johansson,1990-11-11,2012-11-09
864,Charlotte,Becker,1993-03-17,2022-05-25
865,Anna,Persson,1992-11-30,2022-11-07
866,Mikkel,Sorensen,1988-04-11,2019-11-26
867,Noah,Johansson,1993-07-31,2021-05-24
868,Sofia,Andersson,1988-11-09,2019-12-05
869,Marie,Hoffmann,1992-11-20,2022-09-11
870,Elena,Diaz,1985-06-08,2019-08-27
871,Freja,Johansen,1995-01-23,2017-09-20
872,Josephine,Jorgensen,1992-10-07,2023-02-07
873,Magnus,Jensen,1995-08-20,2020-05-30
874,Ebba,Hakansson,1999-12-16,2021-09-08
875,Noah,Roberts,1993-12-26,2022-09-21
876,Noa,Martin,1984-09-10,2018-01-22
877,Lucas,Dubois,2000-01-26,2023-01-08
878,Sarah,Morel,1996-03-17,2021-05-12
879,Emma,Christensen,1975-12-31,2019-11-27
880,Finn,Wagner,1980-07-13,2010-01-19
881,Erik,Nystrom,1967-04-21,2009-09-12
882,Johan,Pettersson,1995-05-28,2018-01-25
883,Ava,Thomas,1985-10-28,2018-05-21
884,Freja,Pedersen,1974-10-07,2010-07-20
885,Sofie,Rasmussen,1987-10-14,2016-02-20
886,Maja,Gustafsson,1991-02-05,2020-03-12
887,Simon,Svensson,1991-02-24,2019-02-18
888,Sofia,Larsson,1995-01-04,2020-06-28
889,Oscar,Larsen,1979-11-04,2013-08-06
890,Joel,Larsson,1989-02-25,2018-12-24
891,Linnea,Nilsson,1994-05-30,2018-06-11
892,Mila,Wilson,1989-06-27,2019-03-26
893,Paul,Lambert,1994-02-19,2023-05-05
894,Alva,Eklund,1993-04-02,2021-05-23
895,Oliver,Johnson,1995-12-01,2020-11-16
896,Lukas,Nilsson,1992-12-16,2022-08-21
897,Lucia,Perez,1990-05-20,2020-12-12
898,Johan,Svensson,1982-12-01,2015-09-10
899,Paula,Rodriguez,1987-06-18,2022-01-09
900,Hannah,Koch,1981-12-02,2014-05-09
901,Elin,Bjork,1997-02-13,2020-10-08
902,Agnes,Sandberg,1992-04-03,2020-11-19
903,Hannah,Schwarz,2000-01-09,2022-02-03
904,Lucas,David,2001-02-12,2023-05-05
905,Simon,Aberg,1993-11-08,2018-12-20
906,Emma,Thomas,1991-05-14,2022-01-04
907,Linnea,Karlsson,1999-05-31,2022-12-15
908,Linnea,Larsson,1991-08-16,2021-01-16
909,Alma,Larsen,1993-12-17,2020-06-07
910,Alva,Svensson,1979-11-23,2011-09-25
911,Joel,Johansson,1995-09-29,2023-05-01
912,Magnus,Hansen,1997-07-20,2020-03-29
913,Johan,Larsson,1995-03-09,2017-04-25
914,Daniel,Jimenez,1992-04-12,2019-04-16
915,Jonas,Schwarz,2000-12-29,2023-07-04
916,Sara,Larsen,1989-04-23,2018-01-23
917,Ebba,Eklund,1982-04-20,2013-01-29
918,Carmen,Garcia,1978-08-12,2014-12-14
919,Lea,Lefebvre,1973-08-10,2014-10-03
920,Agnes,Nystrom,1976-02-07,2014-08-03
921,Sofia,Romero,1992-08-26,2022-03-06
922,Mario,Sanchez,1996-11-09,2022-04-26
923,Jonas,Wagner,2000-07-17,2023-06-21
924,Magnus,Poulsen,1998-10-04,2022-01-18
925,Thea,Hansen,1988-06-16,2019-02-01
926,Joel,Persson,1997-01-15,2019-10-11
927,Adrien,David,1984-05-14,2020-08-09
928,Sienna,Allen,1976-01-03,2015-02-22
929,Hannah,Richter,1986-08-03,2022-10-18
930,Adrian,Ruiz,1986-10-02,2020-11-17
931,Alejandro,Fernandez,1983-03-09,2019-06-24
932,Emily,Thomas,1989-05-12,2018-12-22
933,Oscar,Johansson,1991-06-09,2022-03-29
934,Hugo,Bergstrom,1988-10-23,2022-08-01
935,Lena,Bauer,1980-01-28,2019-07-12
936,Matilda,Pettersson,1983-05-17,2015-06-29
937,Nicolas,Martin,1981-09-09,2011-11-06
938,Mia,Wolf,1996-09-05,2023-08-27
939,Oliver,Brown,1989-04-20,2019-06-25
940,Paul,Hartmann,1985-01-20,2009-04-26
941,Klara,Sandberg,1977-03-27,2010-04-29
942,Noah,Andersen,1968-07-01,2015-11-22
943,Ebba,Lundqvist,1978-05-25,2014-09-02
944,Sara,Petersen,1973-10-08,2014-08-25
945,Amelia,Walker,1989-09-11,2022-10-26
946,Anna,Eklund,1982-10-01,2017-01-10
947,Axel,Persson,1996-04-06,2022-04-01
948,Felix,Zimmermann,1998-03-22,2020-08-30
949,Sara,Martin,1989-08-03,2011-04-02
950,Leon,Fischer,1990-09-18,2017-08-08
951,Anna,Gustafsson,1992-04-10,2020-12-18
952,Simon,Eriksson,1983-11-30,2019-05-04
953,Pablo,Hernandez,1983-11-22,2021-01-07
954,Lukas,Svensson,1986-02-16,2019-05-31
955,Adrian,Diaz,1980-01-16,2015-01-22
956,Martin,Romero,1984-03-22,2018-10-05
957,Linnea,Karlsson,1984-03-31,2018-01-26
958,Anna,Jorgensen,1992-04-03,2019-04-06
959,Lucas,Olsen,1995-02-06,2020-10-03
960,Erik,Johansson,1998-11-04,2020-12-08
961,Alba,Jimenez,1984-11-21,2022-09-20
962,Jonas,Schneider,1990-07-26,2019-11-17
963,Liam,King,1998-10-21,2023-08-15
964,Charlotte,Hartmann,1992-08-11,2022-05-09
965,Nora,Nilsson,1997-06-05,2023-08-25
966,Linnea,Nilsson,1969-06-21,2014-05-01
967,Amelia,Wilson,1997-08-06,2023-04-17
968,Mia,Koch,1981-02-26,2022-03-22
969,Amelia,Brown,1991-04-11,2019-09-12
970,Thea,Larsen,1974-10-18,2006-11-29
971,Oliver,Taylor,1985-06-03,2022-05-25
972,Anna,Svensson,1999-08-13,2021-06-29
973,Alba,Gonzalez,1987-11-05,2021-09-17
974,Frida,Sandberg,1998-02-20,2023-06-30
975,Hugo,Sandberg,1999-08-03,2021-11-14
976,Ida,Sandberg,1985-04-07,2015-12-13
977,Noa,Martin,1968-09-02,2006-09-02
978,Amelia,King,1973-01-08,2007-06-04
979,Henry,Allen,1996-07-15,2023-07-13
980,Emily,Wilson,1990-07-01,2020-11-28
981,Oscar,Hansen,1976-09-03,2008-01-24
982,Jack,Wilson,1983-03-17,2018-05-17
983,William,Andersen,1985-01-05,2016-01-28
984,Oliver,Johnson,1983-12-20,2012-05-21
985,Thea,Nielsen,1989-03-15,2022-06-15
986,Elin,Lundqvist,1981-07-26,2018-12-15
987,Leon,Neumann,1989-11-10,2018-01-10
988,Carmen,Hernandez,1986-03-10,2019-10-29
989,Sienna,Johnson,1987-12-08,2019-08-24
990,Laura,Christensen,1990-08-18,2020-09-06
991,Sienna,King,1994-09-04,2018-10-01
992,Valeria,Gonzalez,1980-04-10,2019-11-24
993,Axel,Larsson,1998-08-15,2023-12-02
994,Emma,White,1990-04-27,2013-11-28
995,Hugo,Nilsson,1990-08-10,2020-11-30
996,Matilda,Johansson,1997-08-21,2021-11-25
997,Ebba,Olsson,2001-10-25,2023-05-15
998,Daniel,Martinez,1991-05-28,2019-10-13
999,Elias,Schwarz,1992-05-24,2021-02-06
1000,Sara,Nystrom,1982-04-19,2016-07-02
1001,Freja,Johansen,1990-08-06,2019-04-07
1002,Laura,Larsen,1988-02-06,2021-11-23
1003,Max,Zimmermann,1991-08-31,2021-10-23
1004,Sara,Andersson,1988-07-18,2011-04-20
1005,Sofia,Olsson,1993-02-28,2016-10-04
1006,Henry,Taylor,1984-08-02,2018-02-09
1007,Klara,Gustafsson,1994-09-14,2023-07-06
1008,Mathias,Andersen,1994-03-03,2018-10-17
1009,Mario,Diaz,1994-08-21,2018-10-06
1010,Manuel,Martin,1984-01-31,2018-06-30
1011,Laura,Sorensen,1991-08-13,2019-12-01
1012,Moritz,Fischer,1993-11-10,2022-08-01
1013,Frida,Nystrom,1974-09-05,2018-07-31
1014,Emil,Eklund,2001-11-11,2023-01-13
1015,Nora,Lundqvist,1990-06-27,2022-03-15
1016,Camille,Petit,2000-08-16,2023-04-17
1017,Noah,Hakansson,1997-09-09,2020-05-18
1018,Manon,Moreau,1974-07-21,2010-07-25
1019,Frida,Eriksson,2000-08-21,2023-03-25
1020,Hugo,Larsson,1988-07-04,2020-11-11
1021,Matilda,Hakansson,1993-05-17,2018-09-29
1022,Elin,Persson,2001-12-18,2023-09-11
1023,Lukas,Andersson,1987-01-12,2011-06-05
1024,Sara,Persson,1984-04-03,2022-05-03
1025,Joel,Andersson,1996-12-17,2023-01-31
1026,Oliver,White,1994-06-15,2021-01-09
1027,Mario,Lopez,1982-03-22,2010-04-14
1028,Oscar,Svensson,1989-02-11,2020-10-03
1029,Lucas,Fournier,2000-02-21,2022-07-20
1030,Erik,Eklund,1989-02-26,2019-11-12
1031,Oscar,Nilsson,1986-06-27,2018-09-19
1032,Margaux,Martin,1997-06-28,2019-07-15
1033,Grace,Johnson,1984-05-10,2018-07-11
1034,Mia,Wagner,1988-12-18,2022-04-17
1035,Viktor,Eriksson,1983-02-09,2011-01-04
1036,Lukas,Eklund,1991-08-06,2016-12-10
1037,Noah,Madsen,1980-11-02,2019-11-05
1038,Axel,Nystrom,1991-08-24,2020-06-20
1039,Emilia,Schwarz,1984-11-28,2006-12-05
1040,Simon,Svensson,1989-04-16,2019-01-25
1041,Viktor,Olsson,1975-04-11,2007-10-21
1042,Matilda,Eriksson,1998-09-17,2022-01-21
1043,Noah,Evans,1987-07-26,2022-03-18
1044,Carmen,Sanchez,1986-08-07,2020-04-19
1045,Simon,Persson,1982-02-26,2019-03-27
1046,Chloe,Thomas,1972-06-13,2009-04-17
1047,Emil,Nystrom,1984-09-17,2018-04-23
1048,Anna,Svensson,1998-11-21,2023-04-09
1049,Erik,Nystrom,1988-08-23,2019-06-01
1050,Clara,Richard,2001-07-09,2023-12-06
1051,Anna,Andersson,1989-12-31,2018-02-19
1052,Joel,Holm,1992-11-28,2022-01-13
1053,Klara,Gustafsson,1983-04-30,2021-03-10
1054,Clara,Olsen,1990-07-18,2018-08-03
1055,Elin,Gustafsson,1996-03-06,2023-01-20
1056,Laura,Schafer,1979-06-18,2006-12-04
1057,Pablo,Martinez,1987-11-17,2013-11-16
1058,Sofia,Johansson,1998-01-03,2023-08-27
1059,Ebba,Bjork,1995-02-06,2021-12-06
1060,Johan,Hakansson,1987-04-13,2022-01-31
1061,Viktor,Bergstrom,1993-01-29,2020-02-17
1062,Felix,Becker,1982-01-06,2022-03-18
1063,Viktor,Olsson,1986-08-19,2018-01-22
1064,Frida,Svensson,1980-01-13,2018-08-07
1065,Ebba,Lindberg,1977-07-09,2007-07-07
1066,Emil,Larsson,1997-03-07,2019-08-19
1067,Ebba,Persson,1998-10-02,2021-03-03
1068,Viktor,Eriksson,1983-07-17,2019-04-26
1069,Camille,Dubois,2000-05-09,2022-01-06
1070,Chloe,Evans,1985-04-12,2019-02-17
1071,Ava,Roberts,1996-12-03,2023-07-02
1072,Klara,Eklund,1989-11-22,2011-10-24
1073,Daniel,Rodriguez,1990-10-12,2021-06-25
1074,Sophie,Bauer,1982-04-29,2018-01-25
1075,Nathan,Wilson,1985-04-19,2018-10-28
1076,Paul,Hoffmann,1989-04-22,2018-03-24
1077,Noa,Romero,1993-08-21,2023-09-25
1078,Ida,Lindberg,1989-09-12,2018-06-25
1079,Camille,Thomas,1982-10-16,2022-12-24
1080,Hugo,Nilsson,1988-09-22,2021-09-26
1081,Valeria,Martin,1995-04-02,2019-10-06
1082,Emil,Persson,1999-11-20,2021-06-25
1083,Sienna,Young,1993-04-27,2020-11-30
1084,Nora,Hakansson,2001-09-17,2023-09-18
1085,Klara,Larsson,1982-12-24,2014-02-12
1086,Alvaro,Alvarez,1998-05-18,2023-08-03
1087,Klara,Johansson,1991-03-09,2020-03-12
1088,Lukas,Johansson,1993-06-03,2021-08-30
1089,Mia,Zimmermann,1993-07-02,2022-06-18
1090,Sara,Jimenez,1981-04-12,2014-04-23
1091,Erik,Lundqvist,1993-01-01,2023-06-17
1092,Noah,Brown,1991-11-25,2019-08-26
1093,Paul,Schafer,1994-12-12,2019-05-05
1094,Joel,Nystrom,1986-12-03,2018-10-22
1095,Emil,Svensson,1989-01-01,2022-09-14
1096,Noah,White,1991-10-17,2019-03-21
1097,Mario,Ruiz,1988-12-26,2020-01-12
1098,Elin,Lindberg,1993-10-05,2022-07-01
1099,Claudia,Sanchez,1987-02-24,2018-03-04
1100,Sara,Pettersson,1983-08-07,2021-05-13
1101,Anna,Pettersson,1998-08-10,2020-05-24
1102,Ben,Neumann,1990-10-08,2012-04-02
1103,Louis,Morel,1981-08-21,2018-05-01
1104,Axel,Lundqvist,1998-05-21,2020-10-04
1105,Tim,Klein,1985-03-30,2017-12-17
1106,Paul,Martin,1986-08-01,2017-04-22
1107,Ida,Pedersen,1988-06-28,2020-08-21
1108,Hugo,Eriksson,1985-02-14,2020-01-16
1109,Tim,Klein,1999-04-30,2023-03-29
1110,William,Larsen,1979-09-27,2013-08-27
1111,Viktor,Nystrom,1985-08-06,2014-04-21
1112,Paul,Thomas,1996-03-26,2018-11-10
1113,Sofia,Moreno,1983-03-26,2013-05-21
1114,Daniel,Perez,1997-07-17,2023-11-27
1115,Anna,Wagner,1993-07-27,2018-03-28
1116,Mathias,Pedersen,1987-02-02,2016-09-27
1117,Anna,Svensson,1985-01-28,2021-08-01
1118,Lena,Kruger,1991-02-16,2019-05-10
1119,Grace,Johnson,1993-12-26,2019-08-20
1120,Emma,Bonnet,1996-11-25,2022-06-18
1121,Hugo,Holm,1987-02-02,2019-12-22
1122,Oscar,Karlsson,1991-07-03,2019-05-14
1123,Axel,Persson,1976-07-06,2018-04-25
1124,Nora,Nilsson,1983-12-19,2018-05-27
1125,Oliver,Allen,1992-05-31,2022-08-15
1126,Emma,Girard,1987-11-06,2018-01-19
1127,Paul,Bonnet,1998-02-14,2020-09-28
1128,Ava,Smith,2000-01-05,2022-03-03
1129,Max,Hoffmann,1987-12-22,2018-04-03
1130,Finn,Meyer,1991-12-20,2021-12-27
1131,Elias,Muller,1974-08-20,2010-10-22
1132,Ebba,Olsson,1979-11-30,2018-03-12
1133,Sofia,Pettersson,1990-11-12,2012-10-27
1134,Noah,Hansen,1963-06-25,2006-07-12
1135,Klara,Hakansson,1981-07-20,2010-09-08
1136,Tim,Kruger,1993-07-12,2023-07-20
1137,Emma,Martin,1992-11-27,2023-09-04
1138,Grace,Hall,1999-07-27,2023-01-22
1139,Mathias,Madsen,1986-01-11,2016-07-11
1140,Agnes,Holm,1995-05-27,2021-05-07
1141,Sienna,Hall,1986-05-27,2020-08-19
1142,Maja,Johansson,1991-11-01,2018-05-19
1143,Joel,Nilsson,1991-10-09,2021-06-09
1144,Matilda,Hakansson,1988-01-27,2018-07-13
1145,Erik,Svensson,1993-08-30,2017-07-26
1146,Oscar,Larsson,1993-09-30,2020-01-02
1147,Jonas,Becker,1976-07-31,2006-03-23
1148,Joel,Andersson,1982-07-28,2016-07-10
1149,Joel,Larsson,1984-05-27,2014-11-05
1150,Oscar,Olsson,1989-03-25,2022-09-14
1151,Manon,Robert,1992-10-28,2019-10-06
1152,Felix,Wolf,1996-12-12,2023-11-14
1153,Anna,Holm,1991-10-01,2020-12-21
1154,Oliver,Andersen,1991-11-29,2019-11-02
1155,William,Pedersen,1980-04-04,2011-12-20
1156,Joel,Olsson,1981-09-04,2018-09-07
1157,Ben,Schafer,2001-06-11,2023-01-28
1158,Andreas,Olsen,1992-06-16,2021-05-19
1159,Chloe,Lambert,1987-05-30,2019-08-06
1160,Marie,Richard,1994-04-21,2023-04-10
1161,Anna,Kristensen,1989-02-04,2017-08-06
1162,Lena,Meyer,1996-10-14,2020-05-07
1163,Carmen,Fernandez,1989-07-20,2022-02-02
1164,Sara,Christensen,1986-01-30,2018-02-23
1165,Grace,Johnson,1995-10-16,2023-01-23
1166,Johan,Larsson,1993-02-26,2022-06-18
1167,Noah,Johnson,1992-06-08,2019-01-30
1168,Lukas,Nystrom,1983-09-11,2019-01-06
1169,Noah,Olsen,1988-09-14,2021-10-24
1170,Sara,Larsson,1988-04-17,2018-08-27
1171,Emma,Lambert,1998-10-09,2023-10-10
1172,Klara,Sandberg,1982-09-18,2018-06-05
1173,Elias,Schwarz,1994-02-24,2020-07-11
1174,Luisa,Kruger,1998-07-07,2020-09-01
1175,Emma,Thomsen,1990-06-27,2020-04-17
1176,Emil,Larsen,1991-01-03,2016-07-15
1177,Viktor,Nystrom,1993-12-19,2020-02-08
1178,Emma,Walker,1991-01-22,2019-02-09
1179,Daniel,Wilson,1991-09-05,2017-11-15
1180,Axel,Svensson,1993-12-08,2021-05-25
1181,Irene,Sanchez,1975-05-29,2011-03-31
1182,Lucia,Sanchez,1994-02-09,2016-07-06
1183,Alma,Jorgensen,1985-06-02,2022-04-23
1184,Noah,Sandberg,1970-07-05,2006-10-26
1185,Diego,Gonzalez,1995-05-26,2017-03-05
1186,Thea,Pedersen,1976-02-23,2006-12-17
1187,Frida,Eriksson,2001-12-24,2023-03-20
1188,Hugo,Perez,1965-12-21,2011-05-14
1189,Joel,Sandberg,1984-04-25,2019-05-23
1190,Lucas,Morel,1987-12-16,2018-06-15
1191,Ebba,Lindberg,1968-04-06,2012-09-18
1192,Matilda,Hakansson,1991-11-28,2021-06-12
1193,Frida,Eriksson,1978-12-25,2011-12-10
1194,William,Johansen,1992-02-28,2018-03-09
1195,Paula,Perez,1988-10-23,2017-06-23
1196,Chloe,Dubois,1995-04-11,2021-07-23
1197,Leon,Schwarz,1976-03-30,2011-10-13
1198,Irene,Gonzalez,1997-10-15,2021-08-31
1199,Tim,Zimmermann,1997-10-07,2022-05-05
1200,Paul,Thomas,1976-08-18,2015-04-29
1201,Mia,Schwarz,1994-03-07,2016-02-15
1202,Paul,Thomas,1991-12-14,2022-10-12
1203,Emil,Svensson,1987-04-10,2012-07-28
1204,Mia,Zimmermann,1993-11-30,2020-09-27
1205,Lukas,Larsson,1998-03-16,2020-04-12
1206,Thomas,Leroy,1990-09-15,2022-08-06
1207,Ebba,Olsson,1996-12-30,2018-04-03
1208,Daniel,Perez,1988-08-02,2019-03-10
1209,Josephine,Hansen,1997-04-13,2020-12-02
1210,Charlotte,Weber,1987-07-12,2019-06-16
1211,Irene,Moreno,1979-01-19,2018-03-31
1212,Johan,Nystrom,1988-09-29,2020-03-15
1213,Josephine,Hansen,1996-04-09,2022-05-30
1214,Mia,Wolf,1998-01-25,2020-11-18
1215,Maja,Svensson,1994-03-06,2019-10-02
1216,Lea,Martin,1992-01-08,2020-07-30
1217,Thomas,Martin,1997-03-13,2020-08-12
1218,Lucia,Garcia,1995-09-06,2021-04-19
1219,Freja,Hansen,1981-01-05,2013-01-01
1220,Adrian,Martinez,1998-05-10,2021-06-11
1221,Alexandre,Bonnet,1995-04-07,2021-05-15
1222,Thea,Hansen,1992-11-06,2021-08-25
1223,Martin,Sanchez,1988-11-08,2017-10-28
1224,Claudia,Rodriguez,1993-08-20,2022-03-27
1225,Daniel,Allen,1991-09-25,2022-12-31
1226,Sienna,White,1992-07-23,2020-06-24
1227,Linnea,Andersson,1999-06-08,2023-08-03
1228,James,Hall,2001-07-22,2023-10-05
1229,Liam,Davies,1993-01-15,2018-07-11
1230,Axel,Lindberg,1995-07-28,2020-12-19
1231,Andreas,Pedersen,1989-07-08,2019-09-29
1232,Klara,Eklund,1968-12-07,2009-01-14
1233,Alba,Martin,1976-12-17,2010-06-15
1234,Laura,Christensen,1987-03-07,2018-01-31
1235,Johan,Sandberg,1999-10-01,2023-11-14
1236,Liam,Walker,1999-07-18,2021-07-13
1237,Sienna,Thomas,1993-06-18,2023-05-18
1238,Mila,Thomas,1992-09-19,2020-09-17
1239,Klara,Karlsson,1980-08-28,2018-08-14
1240,Laura,Meyer,1995-10-09,2019-11-19
1241,Felix,Schwarz,1982-11-03,2009-11-23
1242,Nora,Andersson,1986-06-06,2022-03-07
1243,Emma,Kristensen,1978-10-24,2007-01-28
1244,Claudia,Fernandez,1999-02-10,2021-01-10
1245,Charlotte,Klein,1992-04-09,2021-05-19
1246,Clara,Martin,1984-02-03,2018-02-17
1247,Anna,Aberg,1982-12-11,2018-07-06
1248,William,Nielsen,1997-03-06,2023-04-17
1249,Noa,Gomez,1973-05-21,2013-11-14
1250,Tim,Richter,1992-12-12,2023-02-25
1251,Mathias,Petersen,1996-10-17,2023-08-06
1252,Marie,Bauer,1994-04-19,2022-08-23
1253,Joel,Bjork,1997-07-17,2023-12-08
1254,Emil,Bjork,1988-11-17,2022-07-25
1255,Lukas,Lindberg,1984-04-02,2011-02-10
1256,Emilia,Kruger,1980-05-10,2018-03-13
1257,Elin,Persson,1979-03-20,2014-04-17
1258,Oscar,Andersen,1990-04-12,2019-11-30
1259,Emil,Bjork,1990-08-04,2018-12-15
1260,Oliver,Petersen,1998-12-30,2021-02-24
1261,Linnea,Andersson,1997-10-27,2022-06-08
1262,Ella,Wilson,1991-11-28,2019-06-09
1263,Hugo,Fournier,1985-07-15,2018-10-03
1264,Noah,Andersson,1983-02-24,2019-04-26
1265,Finn,Schmidt,1986-12-01,2021-09-13
1266,Alvaro,Alvarez,1987-09-10,2018-11-24
1267,Emily,Evans,1985-02-16,2020-02-20
1268,Anna,Becker,2000-03-29,2022-02-05
1269,Nicolas,Girard,1984-07-29,2019-12-23
1270,Moritz,Zimmermann,1996-12-21,2018-01-13
1271,Mikkel,Madsen,1993-01-14,2021-01-22
1272,Lena,Hartmann,1988-08-30,2022-07-06
1273,Agnes,Eklund,1993-02-10,2018-05-23
1274,Javier,Martinez,1984-04-05,2019-07-19
1275,Lukas,Karlsson,1991-04-02,2019-02-21
1276,William,Rasmussen,1988-06-29,2013-10-22
1277,Anna,Nilsson,1993-05-03,2021-01-26
1278,Noah,Svensson,1993-01-10,2023-12-28
1279,Ines,Petit,1994-03-25,2020-08-10
1280,Alva,Bjork,1978-01-06,2013-07-15
1281,Joel,Johansson,1990-12-21,2012-06-01
1282,Laura,Rasmussen,1983-07-29,2022-02-13
1283,Matilda,Larsson,1985-07-07,2019-02-28
1284,Elena,Alvarez,1998-12-20,2020-08-03
1285,Ebba,Persson,1997-05-24,2019-05-14
1286,Nathan,Taylor,1970-09-06,2010-08-15
1287,Noah,Olsson,2000-12-26,2022-01-13
1288,Nathan,White,1987-11-04,2011-10-30
1289,Marie,Richter,1997-11-29,2020-11-17
1290,Laura,Sorensen,1990-11-27,2016-02-03
1291,Lukas,Karlsson,1967-12-18,2006-11-04
1292,Chloe,Lambert,1992-10-20,2021-06-05
1293,Sarah,Girard,1971-07-22,2009-04-24
1294,Simon,Gustafsson,2000-05-09,2022-09-16
1295,Joel,Larsson,1982-10-06,2018-07-29
1296,Javier,Martin,1997-10-10,2020-08-25
1297,Sara,Martin,1994-07-24,2020-07-11
1298,Maja,Johansson,1992-01-11,2021-10-30
1299,Ava,King,2000-12-13,2022-05-22
1300,Sofia,Eriksson,1990-06-24,2021-01-01
1301,Mathias,Johansen,1978-01-16,2010-06-01
1302,Oscar,Larsen,1992-04-19,2016-11-16
1303,Noah,Jorgensen,1987-09-06,2018-04-15
1304,Emma,Thomas,1996-05-12,2019-03-10
1305,Diego,Fernandez,1975-11-29,2010-03-28
1306,Noah,Gustafsson,1988-09-07,2021-06-23
1307,Henry,Brown,1981-05-23,2018-05-29
1308,Ella,Allen,1976-01-23,2014-02-01
1309,Antoine,Laurent,1993-06-14,2022-11-24
1310,Leon,Meyer,1998-05-14,2020-08-05
1311,Henry,Allen,1987-03-13,2020-09-10
1312,Sara,Bergstrom,1998-06-19,2020-05-24
1313,Axel,Sandberg,2000-08-03,2023-06-11
1314,Emma,Wilson,1987-12-21,2020-01-09
1315,Anna,Muller,1994-09-26,2023-06-10
1316,Simon,Karlsson,1997-02-28,2020-10-05
1317,Ebba,Lindberg,1995-03-16,2018-07-11
1318,Mila,Evans,1979-06-27,2018-11-07
1319,Emil,Gustafsson,1989-09-29,2020-05-19
1320,Klara,Hakansson,1992-07-09,2022-03-18
1321,Nathan,Roberts,1999-12-26,2023-09-09
1322,Freja,Sorensen,1989-09-29,2022-06-14
1323,Noah,Madsen,1998-01-21,2020-08-17
1324,Ava,Roberts,1985-06-22,2011-08-29
1325,Frida,Bjork,1972-10-05,2007-11-05
1326,Klara,Larsson,1995-08-19,2022-05-31
1327,Sophie,Koch,2000-02-20,2022-06-25
1328,Alexandre,Robert,1995-03-02,2021-12-20
1329,Daniel,Walker,1989-02-25,2011-11-09
1330,Hugo,Jimenez,1979-06-27,2017-07-12
1331,William,Jorgensen,1997-10-26,2022-08-04
1332,Simon,Eklund,1995-12-03,2019-08-13
1333,Emily,Young,1994-03-05,2021-06-16
1334,Ida,Persson,1996-04-03,2018-09-26
1335,Anna,Wagner,1991-12-08,2020-12-19
1336,Oscar,Bergstrom,1982-12-12,2011-02-11
1337,Anna,Schwarz,1997-03-11,2020-09-12
1338,Emil,Hakansson,1993-05-06,2022-01-11
1339,Lea,Lambert,1989-01-04,2021-06-26
1340,Lucas,Lefebvre,1989-07-04,2019-07-10
1341,Joel,Persson,1993-03-29,2020-09-30
1342,Liam,Allen,1998-07-08,2023-04-24
1343,Paul,Schneider,1997-05-19,2019-03-08
1344,Elin,Aberg,1993-05-08,2018-05-25
1345,Diego,Romero,1966-05-15,2006-12-21
1346,Viktor,Nilsson,1991-05-11,2021-02-25
1347,Paul,Bernard,1987-07-24,2022-11-10
1348,Nora,Olsson,1995-05-25,2022-10-10
1349,Oliver,Hansen,1983-11-27,2019-03-05
1350,Matilda,Olsson,1997-11-17,2021-05-02
1351,Max,Wagner,1996-07-02,2020-03-02
1352,Daniel,Hernandez,1989-11-12,2022-04-30
1353,Jack,Taylor,1986-02-24,2020-05-25
1354,Hugo,Diaz,1984-09-21,2022-01-21
1355,Emily,Hall,1983-01-25,2019-02-27
1356,Oliver,Johnson,1991-04-07,2016-01-30
1357,Baptiste,Bertrand,2000-12-06,2023-05-30
1358,Anna,Petersen,1992-09-16,2023-08-16
1359,Noah,Nilsson,1969-02-10,2013-12-18
1360,Daniel,Roberts,1990-03-09,2021-05-10
1361,Noah,Zimmermann,1977-05-16,2019-03-23
1362,Joel,Bjork,1990-07-09,2021-11-25
1363,Camille,Martin,1992-07-20,2020-03-19
1364,Maja,Olsson,1982-02-19,2016-11-06
1365,James,Allen,1996-02-14,2023-03-19
1366,Camille,Fournier,1990-06-18,2022-03-19
1367,Sofia,Jimenez,1986-01-11,2018-08-13
1368,Agnes,Nystrom,1989-12-09,2020-04-20
1369,Elin,Sandberg,1998-06-09,2020-12-28
1370,Lukas,Aberg,1986-09-17,2018-01-30
1371,Viktor,Nielsen,1993-12-16,2019-05-10
1372,Ava,Hall,1987-06-14,2012-10-13
1373,Henry,Davies,1995-06-12,2023-05-15
1374,Ebba,Eklund,1996-10-03,2023-09-27
1375,Frida,Lundqvist,1998-03-08,2022-03-27
1376,Laura,Jorgensen,1994-07-23,2016-12-25
1377,Nora,Nilsson,1990-03-03,2023-12-09
1378,Joel,Nystrom,1996-11-15,2021-09-16
1379,Erik,Aberg,1985-10-03,2019-04-28
1380,Simon,Olsson,1990-02-08,2020-08-10
1381,Alma,Madsen,1982-06-01,2018-03-17
1382,Nora,Bergstrom,1991-09-30,2022-11-17
1383,Liam,King,1992-06-06,2019-08-14
1384,Anna,Karlsson,1983-01-10,2015-03-18
1385,Felix,Hartmann,1994-10-06,2020-06-10
1386,Johan,Nilsson,1974-11-02,2010-01-17
1387,Klara,Eklund,1996-01-19,2023-01-02
1388,Thea,Jorgensen,1978-03-13,2011-12-21
1389,Elin,Sandberg,1982-04-28,2018-03-17
1390,Ida,Persson,1992-09-30,2022-12-11
1391,Oliver,Kristensen,1989-10-28,2021-11-05
1392,Klara,Lundqvist,1989-04-21,2018-08-16
1393,Lea,Martin,1990-02-26,2019-04-06
1394,Luisa,Weber,1965-03-24,2015-09-06
1395,Sara,Sanchez,1987-08-16,2020-04-17
1396,Emma,Young,1990-05-05,2018-08-12
1397,Alexandre,Richard,1978-07-25,2018-02-14
1398,Oscar,Aberg,1977-02-14,2012-04-09
1399,Irene,Romero,1977-04-01,2019-11-23
1400,Daniel,Gonzalez,1990-11-15,2023-04-23
1401,Louis,Roux,1989-06-30,2016-10-24
1402,Ethan,Davies,1994-09-04,2023-02-17
1403,Axel,Nystrom,1983-08-17,2018-10-05
1404,Marie,Thomas,1997-03-05,2022-12-31
1405,Emil,Andersson,1985-12-06,2022-06-19
1406,Alba,Lopez,1964-10-19,2007-04-23
1407,Klara,Sandberg,1983-12-03,2015-02-20
1408,Oscar,Jensen,1999-05-06,2021-04-19
1409,Mathias,Nielsen,1994-10-28,2021-03-07
1410,Agnes,Pettersson,2000-11-01,2023-03-03
1411,Oliver,Poulsen,1987-05-06,2018-09-02
1412,Noah,Nystrom,1993-06-27,2020-06-25
1413,Noah,Schmidt,1975-09-21,2013-12-04
1414,Charlotte,Fischer,1999-06-22,2021-10-03
1415,Elin,Eriksson,1987-03-06,2021-04-19
1416,Oscar,Nielsen,1994-12-09,2021-02-05
1417,Anna,Olsson,1997-07-05,2020-03-28
1418,Thomas,Bertrand,1981-02-22,2010-01-12
1419,Oscar,Bergstrom,1985-04-14,2016-02-08
1420,Emilia,Richter,2001-04-22,2023-09-09
1421,Nora,Karlsson,1991-07-04,2021-01-24
1422,James,Evans,1980-07-18,2020-03-18
1423,Lukas,Holm,1991-06-18,2021-10-29
1424,Johan,Pettersson,1990-08-21,2021-06-14
1425,Noah,Johnson,1992-01-27,2016-08-07
1426,Maja,Olsson,1969-10-30,2009-03-29
1427,Sophie,Koch,1991-04-19,2013-12-18
1428,Linnea,Andersson,1985-05-06,2019-06-06
1429,Grace,Roberts,1987-01-01,2020-02-27
1430,Finn,Meyer,1988-07-17,2013-12-29
1431,Noah,Kruger,1996-06-14,2020-07-11
1432,Lucas,David,1974-08-18,2011-06-11
1433,Alvaro,Alvarez,2001-09-24,2023-12-13
1434,Sofia,Sandberg,1994-09-16,2023-03-08
1435,Johanna,Weber,1999-01-30,2021-02-25
1436,Magnus,Larsen,1991-06-08,2022-01-17
1437,Ines,Moreau,1982-07-14,2021-10-11
1438,Felix,Schmidt,1987-08-27,2018-06-13
1439,Amelia,Taylor,1990-08-08,2019-10-25
1440,Ida,Sandberg,1998-01-06,2020-08-22
1441,Camille,Bertrand,1991-03-14,2022-01-25
1442,Viktor,Olsson,1994-09-08,2020-06-30
1443,Adrian,Martin,1986-01-06,2016-06-22
1444,Sara,Lundqvist,1998-04-01,2022-04-29
1445,Noa,Romero,1987-04-17,2019-07-10
1446,Chloe,Leroy,1986-03-15,2019-01-07
1447,Thomas,Durand,1992-09-10,2020-04-26
1448,Valeria,Ruiz,1993-02-04,2021-10-10
1449,Nora,Nilsson,1991-11-23,2020-03-10
1450,William,Pedersen,1978-07-08,2006-10-18
1451,Noa,Ruiz,1994-01-17,2022-03-15
1452,Hannah,Muller,2000-12-30,2023-05-19
1453,Irene,Fernandez,2001-03-02,2023-10-21
1454,Klara,Bergstrom,2001-10-03,2023-02-22
1455,Hugo,Hakansson,1987-07-02,2011-07-20
1456,Frida,Karlsson,1988-04-06,2022-10-20
1457,Ida,Gustafsson,1982-09-16,2015-06-10
1458,Thea,Christensen,1996-09-17,2018-05-09
1459,Erik,Holm,1996-05-15,2018-01-08
1460,Emil,Hakansson,1998-07-12,2023-12-19
1461,Hugo,Lefebvre,1989-02-14,2022-07-03
1462,Agnes,Aberg,1984-02-05,2010-08-31
1463,Luisa,Hartmann,1994-08-09,2018-06-20
1464,Matilda,Nystrom,1996-01-07,2021-01-14
1465,Henry,Young,1985-10-08,2020-12-02
1466,Agnes,Gustafsson,1996-02-28,2020-05-07
1467,Alva,Eklund,1980-01-01,2018-10-26
1468,Nora,Aberg,1988-12-09,2016-10-23
1469,Joel,Holm,1995-05-05,2020-02-19
1470,Marie,Schwarz,1995-05-15,2022-12-08
1471,Mila,Brown,1989-09-24,2017-10-24
1472,Finn,Bauer,1986-08-13,2020-07-30
1473,Luisa,Richter,1991-05-11,2021-05-28
1474,Alvaro,Perez,1981-10-30,2014-01-06
1475,Lukas,Pettersson,1976-04-15,2010-09-20
1476,Julie,Petit,2001-11-19,2023-04-29
1477,Jules,Martin,1991-12-27,2017-05-23
1478,Agnes,Bjork,1977-03-25,2010-02-15
1479,Jules,Fournier,1982-07-12,2013-07-16
1480,Magnus,Larsen,2001-07-12,2023-12-04
1481,Emma,King,1996-07-14,2023-08-17
1482,Anna,Fischer,2000-11-29,2022-01-01
1483,Jonas,Becker,1982-03-18,2012-01-17
1484,Alba,Lopez,1988-01-07,2020-12-13
1485,Noah,Richter,1998-10-17,2020-03-08
1486,Sienna,Smith,1988-06-07,2022-11-09
1487,Sofia,Aberg,1997-06-30,2023-10-28
1488,Lena,Zimmermann,1982-07-25,2006-12-24
1489,Ebba,Eriksson,1986-08-12,2018-09-01
1490,Noah,Eklund,1997-05-05,2023-02-16
1491,Sofia,Moreno,1979-05-19,2019-10-12
1492,Agnes,Nystrom,1990-09-28,2020-01-12
1493,Freja,Thomsen,1981-12-01,2022-11-07
1494,Maja,Olsson,1994-10-12,2020-07-01
1495,Jules,Morel,1991-09-07,2021-07-07
1496,Tim,Schwarz,1985-05-05,2019-04-02
1497,Nora,Persson,1998-03-07,2020-07-08
1498,Emma,Madsen,1983-01-15,2022-07-17
1499,Oceane,Dubois,1981-02-16,2019-01-12
1500,Klara,Eriksson,1981-05-30,2019-07-13
1501,Andreas,Nielsen,1987-04-28,2019-02-25
1502,Mila,Young,1982-05-09,2017-02-02
1503,Erik,Bergstrom,1997-05-30,2023-11-26
1504,Sara,Rodriguez,1993-04-05,2019-11-24
1505,Lukas,Hakansson,1987-07-05,2019-03-18
1506,Irene,Diaz,1991-04-27,2019-08-05
1507,Mia,Muller,1962-12-30,2010-01-19
1508,Finn,Weber,1999-11-30,2021-10-12
1509,Noah,Hakansson,1981-07-24,2015-06-17
1510,Mathias,Andersen,1975-11-10,2006-06-04
1511,Sofia,Svensson,1983-09-04,2012-04-23
1512,Ida,Kristensen,1985-08-23,2022-09-22
1513,Henry,Davies,1988-11-24,2022-02-19
1514,Sofia,Eklund,1996-06-12,2021-03-04
1515,Martin,Sanchez,1990-11-16,2021-12-15
1516,Lucia,Alvarez,1983-12-07,2016-08-22
1517,Grace,Johnson,1991-04-25,2020-05-30
1518,Liam,Allen,1997-01-23,2022-01-13
1519,Clara,Johansen,1994-11-22,2022-05-10
1520,Axel,Hakansson,1981-06-25,2014-08-30
1521,Mia,Fischer,1991-12-19,2022-07-13
1522,Sophie,Wagner,1992-08-26,2022-04-27
1523,Agnes,Svensson,1985-05-13,2012-06-08
1524,Noah,Sandberg,1999-01-17,2023-03-18
1525,Lukas,Persson,1985-05-25,2018-01-29
1526,Hugo,Gustafsson,1990-11-25,2019-08-12
1527,Nathan,Wilson,1995-10-01,2017-01-11
1528,Josephine,Jensen,1998-02-20,2023-04-08
1529,James,Young,1987-05-11,2021-03-05
1530,Jonas,Neumann,1996-04-03,2023-08-19
1531,Tim,Muller,1985-02-09,2008-10-13
1532,Lucia,Romero,1969-05-21,2010-08-14
1533,Sofia,Aberg,1993-08-29,2023-07-14
1534,Emilia,Richter,1999-01-13,2021-05-16
1535,Ida,Jensen,1993-03-28,2018-11-02
1536,Elin,Lindberg,1992-04-20,2022-08-17
1537,Viktor,Larsen,1993-07-05,2019-02-24
1538,Johan,Karlsson,1973-03-06,2008-08-22
1539,Noa,Sanchez,1988-11-14,2021-03-10
1540,Jack,Young,1999-06-30,2021-09-04
1541,Camille,Bernard,1983-12-12,2021-03-24
1542,Ida,Kristensen,1981-07-13,2019-04-13
1543,Charlotte,Schmidt,1995-10-11,2021-06-26
1544,Nora,Eklund,1965-09-01,2008-06-22
1545,Sophie,Schneider,1975-08-20,2007-08-29
1546,Felix,Hartmann,1996-01-19,2018-05-28
1547,Johan,Pettersson,1980-10-18,2012-12-25
1548,Leon,Wolf,1983-03-18,2018-06-24
1549,Grace,Allen,1997-02-05,2021-02-11
1550,Hugo,Bonnet,1999-04-19,2021-03-16
1551,Javier,Sanchez,1986-04-09,2020-11-03
1552,Thea,Thomsen,1986-09-25,2019-12-06
1553,Matilda,Nystrom,1965-05-24,2009-07-22
1554,Liam,Smith,1993-01-14,2023-02-27
1555,Alexandre,Michel,1997-05-03,2022-04-13
1556,Ava,White,1991-07-16,2013-04-15
1557,Pablo,Gomez,1973-05-19,2010-05-07
1558,James,King,1997-01-05,2021-09-28
1559,Max,Wolf,1989-01-07,2019-02-23
1560,Viktor,Aberg,2000-06-04,2022-01-02
1561,Alba,Hernandez,1979-05-27,2014-11-03
1562,Emma,Smith,1989-02-24,2022-07-28
1563,Frida,Holm,1991-01-17,2020-07-07
1564,Laura,Richter,1976-06-15,2015-02-22
1565,Agnes,Nystrom,1992-04-20,2020-07-07
1566,Simon,Eriksson,1993-08-22,2021-08-19
1567,Nora,Eriksson,1988-09-21,2020-12-09
1568,Linnea,Johansson,1992-01-07,2021-10-02
1569,Paul,Thomas,1983-03-20,2018-10-23
1570,Chloe,Hall,1997-07-10,2023-11-19
1571,Alvaro,Alvarez,1984-05-29,2018-01-28
1572,Emilia,Schmidt,1993-09-04,2022-03-02
1573,Maja,Hakansson,1987-09-13,2017-02-10
1574,Frida,Aberg,1985-01-01,2021-04-06
1575,Johan,Svensson,1994-03-27,2021-06-02
1576,Erik,Lindberg,1998-09-03,2021-06-18
1577,Klara,Sandberg,1987-09-03,2020-11-24
1578,Pablo,Gonzalez,1989-04-17,2019-05-23
1579,Oscar,Olsson,1995-06-11,2023-04-20
1580,Anna,Wolf,1988-11-07,2011-12-24
1581,Louis,Thomas,1988-07-26,2022-07-23
1582,Lukas,Pettersson,2001-03-06,2023-02-15
1583,Ella,Hall,1988-04-20,2018-12-11
1584,Jonas,Wagner,1993-06-27,2022-07-16
1585,Linnea,Lindberg,1982-10-30,2014-02-23
1586,Elin,Holm,1999-10-20,2023-08-03
1587,Alva,Karlsson,1994-03-06,2022-11-15
1588,Viktor,Johansson,1984-01-13,2019-05-31
1589,Noah,Young,1989-10-30,2021-03-06
1590,Emma,White,1982-11-27,2018-05-23
1591,Elin,Karlsson,1985-01-25,2016-04-13
1592,Baptiste,Richard,1967-03-07,2011-09-15
1593,Camille,Lefebvre,1990-07-17,2012-07-26
1594,Lucas,Dubois,1997-12-24,2019-09-09
1595,Sara,Perez,1983-09-13,2019-06-05
1596,Klara,Pettersson,1988-12-28,2021-04-02
1597,Laura,Wolf,1987-03-30,2021-01-02
1598,Claudia,Ruiz,1979-07-26,2018-07-18
1599,Noah,Nilsson,1997-12-13,2020-03-01
1600,Manon,Durand,1982-01-08,2013-03-20
1601,Viktor,Karlsson,1996-04-11,2020-01-05
1602,Adrien,Morel,1975-11-23,2008-01-18
1603,Ida,Gustafsson,1997-11-05,2022-07-16
1604,Sophie,Kruger,1994-06-23,2022-05-25
1605,Anna,Larsson,1994-07-14,2021-04-30
1606,Julie,Simon,1995-12-05,2022-01-30
1607,Leon,Weber,1985-12-10,2011-01-19
1608,Mario,Martin,1993-07-22,2018-08-05
1609,Klara,Andersson,1983-03-04,2016-05-06
1610,Elin,Nystrom,1969-12-23,2007-04-12
1611,Laura,Jorgensen,1982-01-05,2012-10-10
1612,Anna,Persson,1987-10-08,2022-10-22
1613,Daniel,Taylor,1984-09-01,2021-07-20
1614,Simon,Svensson,1983-12-11,2017-02-06
1615,Elin,Lindberg,1990-12-23,2012-07-02
1616,Claudia,Rodriguez,2001-11-10,2023-04-29
1617,Lukas,Holm,1993-03-10,2021-07-31
1618,Anna,Johansen,1987-03-16,2015-10-27
1619,Maja,Larsson,1995-11-24,2019-07-20
1620,Marie,Martin,1984-05-24,2013-09-13
1621,Paula,Gonzalez,1996-05-31,2020-12-18
1622,Anna,Christensen,1970-10-17,2007-10-31
1623,Noah,Larsen,1984-07-19,2019-12-09
1624,Emma,Bertrand,1991-09-24,2019-09-08
1625,Grace,Brown,1972-07-03,2007-04-09
1626,Thea,Petersen,1997-09-03,2021-02-20
1627,Anna,Thomsen,1983-12-04,2019-11-21
1628,Sara,Nystrom,1996-01-30,2022-09-19
1629,Tim,Zimmermann,1990-04-06,2021-11-13
1630,Valeria,Rodriguez,1985-08-24,2014-09-07
1631,Klara,Larsson,1982-10-15,2011-03-23
1632,Paul,Dupont,1977-09-11,2014-12-14
1633,Axel,Nystrom,2001-08-17,2023-02-17
1634,James,Davies,1984-11-20,2013-09-20
1635,Sara,Hakansson,1984-07-11,2019-07-16
1636,Clara,Martin,1990-05-29,2019-01-22
1637,Maxime,Lambert,1976-08-04,2012-09-10
1638,Manuel,Diaz,1987-12-18,2021-07-03
1639,Noah,Nilsson,1990-07-16,2020-10-21
1640,Viktor,Lundqvist,1988-05-05,2020-06-07
1641,Frida,Andersson,1997-12-02,2023-06-14
1642,Mario,Alvarez,1992-05-21,2020-07-09
1643,Sara,Lindberg,1982-01-30,2006-11-06
1644,Nathan,Allen,1987-09-12,2018-12-06
1645,Liam,Young,1974-02-18,2016-05-27
1646,Lucia,Ruiz,1987-09-30,2017-04-26
1647,Agnes,Johansson,1983-04-19,2018-05-10
1648,Mario,Lopez,1989-10-17,2020-05-11
1649,Marie,Meyer,1967-03-05,2006-11-21
1650,Emma,Taylor,1995-11-19,2022-06-29
1651,Johanna,Bauer,1986-03-08,2021-12-20
1652,Axel,Larsson,1991-06-16,2022-01-02
1653,Ida,Kristensen,1997-03-19,2022-06-21
1654,Adrien,Dupont,1983-04-15,2015-11-15
1655,Antoine,Martin,1992-04-08,2023-12-13
1656,Agnes,Pettersson,1997-10-10,2022-04-17
1657,Paul,Roux,1983-01-12,2018-08-16
1658,Sofia,Gomez,1991-02-09,2020-03-12
1659,Noah,Hakansson,1991-04-08,2020-12-15
1660,Chloe,Thomas,1994-04-24,2023-12-01
1661,Nathan,White,1993-03-28,2019-03-02
1662,Paula,Gonzalez,1986-01-27,2011-05-14
1663,Hugo,Eriksson,1998-05-26,2023-02-02
1664,Emma,Kristensen,1999-10-04,2021-08-12
1665,Viktor,Aberg,1981-02-15,2012-12-27
1666,Hugo,Gomez,1989-12-19,2016-08-07
1667,Sara,Nystrom,1998-03-07,2022-11-22
1668,Nora,Aberg,1960-04-14,2007-11-22
1669,Alva,Gustafsson,1979-03-12,2013-12-05
1670,Alva,Johansson,1988-07-16,2018-08-29
1671,Maja,Eriksson,1993-09-22,2018-03-24
1672,Emily,Young,1979-06-12,2019-09-03
1673,Axel,Andersson,1986-02-16,2019-04-04
1674,Ava,White,1987-09-15,2023-06-08
1675,Elena,Diaz,1994-06-03,2018-05-02
1676,Joel,Aberg,1995-02-03,2020-09-11
1677,Laura,Johansen,1980-02-04,2015-03-26
1678,Ida,Eklund,1999-08-16,2023-04-01
1679,Lukas,Gustafsson,1985-02-18,2017-07-20
1680,Nora,Pettersson,1972-05-08,2006-08-07
1681,Nathan,Roberts,1992-03-18,2018-03-02
1682,Johanna,Schneider,1988-08-18,2018-03-06
1683,Josephine,Hansen,1993-03-21,2019-06-19
1684,Alba,Ruiz,1999-07-21,2023-11-26
1685,Viktor,Eklund,1989-11-26,2021-05-14
1686,Finn,Schwarz,1990-10-30,2018-01-02
1687,Daniel,Allen,1998-04-26,2023-02-05
1688,Thomas,Lambert,1991-07-03,2018-05-09
1689,Matilda,Holm,1980-03-11,2021-05-06
1690,Ida,Madsen,1993-10-26,2021-07-26
1691,Paula,Perez,1989-09-04,2020-12-03
1692,Elena,Hernandez,1997-10-09,2019-07-02
1693,Viktor,Lindberg,1996-10-20,2018-07-04
1694,Maxime,Durand,1999-10-16,2023-03-29
1695,Alva,Larsson,1973-11-14,2009-09-19
1696,James,King,1987-09-30,2017-03-11
1697,Nora,Holm,1996-07-17,2023-09-11
1698,Emma,Lefebvre,1986-08-19,2011-09-09
1699,Oliver,Walker,1988-10-30,2022-10-26
1700,Martin,Moreno,1992-02-17,2018-08-14
1701,Maxime,Girard,1997-11-09,2023-10-23
1702,Elena,Alvarez,1995-02-19,2023-01-17
1703,Henry,Roberts,1999-08-31,2023-09-11
1704,Lukas,Aberg,1972-01-17,2014-10-11
1705,Hugo,Nystrom,1994-08-04,2022-01-05
1706,Klara,Lundqvist,1995-05-11,2023-08-23
1707,Frida,Eriksson,1990-11-22,2020-09-12
1708,Lukas,Pettersson,1993-06-29,2018-04-11
1709,Klara,Hakansson,1984-12-10,2018-02-10
1710,Oscar,Lundqvist,1988-06-28,2019-09-01
1711,Joel,Andersson,1978-01-12,2013-10-07
1712,Sienna,Davies,1997-06-27,2021-07-20
1713,Simon,Bjork,1973-05-14,2006-06-17
1714,Camille,Lefebvre,1997-09-18,2019-11-26
1715,Emma,White,1988-04-29,2020-07-01
1716,Ava,Davies,2000-04-15,2023-11-19
1717,Leon,Hoffmann,1982-08-20,2018-06-06
1718,Erik,Bergstrom,1981-03-26,2009-11-28
1719,Emilia,Richter,1992-05-24,2018-06-04
1720,Moritz,Koch,1983-03-21,2019-06-15
1721,Simon,Holm,1990-02-18,2021-03-23
1722,Hugo,Andersson,1968-03-13,2006-12-04
1723,Freja,Pedersen,2001-11-23,2023-07-10
1724,Paula,Gomez,1996-09-09,2018-06-26
1725,Alva,Larsson,1986-06-06,2019-07-21
1726,Emma,Madsen,1969-10-18,2008-05-17
1727,Ethan,Wilson,1986-01-10,2019-02-12
1728,Emil,Johansen,1988-06-28,2021-02-15
1729,Sarah,Roux,1987-11-09,2019-05-02
1730,Hugo,Lindberg,1992-06-10,2021-09-21
1731,Manon,Robert,1984-08-09,2018-03-31
1732,Ben,Hartmann,1992-07-20,2018-10-28
1733,Ida,Larsson,1986-07-01,2018-03-09
1734,Oceane,Dubois,1978-01-09,2007-02-02
1735,Josephine,Andersen,1994-08-29,2019-12-31
1736,Elias,Zimmermann,1989-11-15,2022-10-18
1737,Ethan,Allen,1988-07-02,2020-09-22
1738,Noah,Persson,2000-01-08,2023-11-05
1739,Oscar,Sandberg,1997-06-09,2021-11-04
1740,Julie,Petit,1982-10-29,2017-02-18
1741,Mia,Richter,1998-04-20,2022-03-16
1742,Paula,Gomez,1997-03-12,2022-03-13
1743,Marie,Koch,1989-12-06,2018-10-05
1744,Maja,Sandberg,1980-06-19,2013-06-23
1745,Mia,Neumann,1993-11-03,2020-12-30
1746,Jonas,Koch,2000-01-24,2023-11-02
1747,Alma,Christensen,1998-07-09,2020-03-26
1748,Hugo,Larsson,1988-05-22,2018-05-23
1749,Noah,Hakansson,1988-09-24,2019-06-19
1750,Oliver,Sorensen,1994-07-18,2021-11-11
1751,Axel,Bjork,1986-02-08,2019-02-09
1752,Magnus,Madsen,1972-06-06,2011-02-26
1753,Noah,Sorensen,1981-02-27,2019-07-01
1754,Klara,Nilsson,1991-06-20,2023-01-04
1755,Finn,Richter,1978-08-18,2019-09-26
1756,Linnea,Bergstrom,1990-11-07,2012-06-01
1757,James,White,1985-01-26,2021-11-21
1758,Maxime,Bertrand,1988-01-21,2018-01-19
1759,Pablo,Hernandez,1984-06-13,2012-05-15
1760,Alva,Pettersson,1996-04-06,2020-10-22
1761,Lena,Hartmann,1994-11-23,2020-01-10
1762,Axel,Lundqvist,1990-02-25,2012-10-28
1763,Andreas,Jorgensen,1987-05-15,2022-03-30
1764,Ethan,Taylor,1994-10-10,2020-05-03
1765,Lena,Wagner,1987-09-03,2018-05-15
1766,Mila,White,1992-12-03,2021-08-10
1767,Nora,Nilsson,1995-11-07,2023-02-09
1768,Noa,Romero,1985-11-16,2022-08-08
1769,Julie,Thomas,1993-11-16,2022-05-06
1770,Elin,Lundqvist,1977-01-02,2009-06-25
1771,Nora,Lundqvist,1998-07-16,2023-09-18
1772,Emma,Smith,1996-02-02,2020-04-04
1773,Anna,Schwarz,1986-01-08,2013-08-14
1774,Frida,Pettersson,1991-12-26,2023-05-16
1775,Hugo,Persson,1994-11-07,2020-04-22
1776,Laura,Jensen,1986-07-07,2018-08-20
1777,Oliver,Young,1990-02-21,2019-03-31
1778,Linnea,Olsson,1987-09-10,2011-06-14
1779,Noah,Gustafsson,1987-09-01,2019-08-19
1780,Johan,Pettersson,1990-05-08,2022-11-17
1781,Mila,Thomas,1994-05-13,2022-04-15
1782,Elin,Pettersson,1990-05-09,2019-03-12
1783,Adrian,Sanchez,1970-07-26,2013-03-30
1784,Paul,Wagner,1993-12-28,2020-01-11
1785,Joel,Larsson,1991-11-03,2021-06-28
1786,Linnea,Aberg,1991-07-11,2020-03-02
1787,Oscar,Nystrom,1988-05-28,2022-04-03
1788,Claudia,Romero,1993-05-19,2021-12-08
1789,Elin,Persson,1994-03-15,2021-07-06
1790,Oscar,Thomsen,1984-02-03,2021-06-27
1791,Emma,Jensen,1976-05-13,2013-02-05
1792,Lucia,Gomez,1994-12-04,2021-07-05
1793,Lukas,Eklund,1995-08-07,2021-05-12
1794,Elin,Gustafsson,1994-04-09,2021-04-26
1795,Ida,Jensen,1989-04-04,2021-11-21
1796,Antoine,Richard,1978-02-03,2017-12-02
1797,Viktor,Lindberg,1984-02-17,2019-10-17
1798,Nora,Bjork,1976-07-07,2012-11-29
1799,Amelia,Hall,1995-03-30,2021-03-12
1800,Hugo,Bjork,1984-11-01,2017-03-09
1801,Ebba,Sandberg,1997-01-07,2019-02-25
1802,Hugo,Lopez,1988-11-05,2021-06-14
1803,Agnes,Lundqvist,1979-04-18,2007-04-06
1804,Erik,Svensson,1992-12-30,2018-07-08
1805,Carmen,Lopez,1981-05-05,2017-06-11
1806,Sara,Bjork,1985-05-21,2022-06-14
1807,Viktor,Madsen,1981-03-07,2014-10-22
1808,Emilia,Meyer,1990-10-15,2018-10-11
1809,Sofie,Petersen,1995-08-26,2020-05-27
1810,Alva,Nystrom,1991-05-28,2021-10-20
1811,Nicolas,Bernard,1991-04-26,2020-12-01
1812,Axel,Hakansson,1980-01-12,2018-03-12
1813,Ines,Leroy,1980-12-15,2012-02-07
1814,Diego,Moreno,1996-11-03,2019-10-17
1815,Emma,Laurent,1986-07-29,2018-07-01
1816,Maja,Eriksson,2001-06-11,2023-08-14
1817,Claudia,Jimenez,1991-07-22,2020-03-14
1818,Javier,Jimenez,1986-07-18,2021-12-14
1819,Alexandre,Dupont,1994-06-08,2021-08-25
1820,Emil,Sandberg,1975-12-04,2014-07-15
1821,Matilda,Pettersson,1978-03-20,2012-02-11
1822,Luisa,Klein,1979-07-23,2019-03-10
1823,Mathias,Petersen,1992-08-23,2020-05-15
1824,Moritz,Schafer,1992-12-15,2018-09-08
1825,Maja,Bjork,1995-11-23,2021-04-08
1826,Chloe,Laurent,1987-07-19,2022-01-09
1827,Baptiste,Petit,1997-02-23,2019-03-09
1828,Johan,Nystrom,1996-12-03,2020-06-16
1829,Adrian,Garcia,1998-05-31,2020-09-17
1830,Laura,Muller,1978-03-29,2017-02-20
1831,Anna,Andersson,1988-09-21,2019-11-20
1832,Chloe,Laurent,1997-05-18,2022-01-24
1833,Mathias,Sorensen,1997-02-07,2020-08-17
1834,Hugo,Eklund,1996-02-29,2019-12-08
1835,Louis,Thomas,1998-06-21,2020-01-24
1836,Tim,Weber,1986-01-24,2021-08-27
1837,Matilda,Nilsson,1983-02-09,2018-07-26
1838,Emma,Petersen,1996-04-13,2023-06-22
1839,Oliver,Taylor,1987-05-21,2011-02-07
1840,Erik,Pettersson,1977-01-16,2018-03-03
1841,Mia,Neumann,1996-09-04,2018-01-19
1842,Emily,Roberts,1994-06-09,2021-02-14
1843,Oscar,Eklund,1985-06-26,2016-06-30
1844,Matilda,Nystrom,1999-07-18,2021-08-13
1845,Alva,Larsson,1983-02-18,2016-09-07
1846,Simon,Nilsson,1988-11-14,2021-02-25
1847,Ida,Gustafsson,1998-07-30,2020-05-30
1848,Ida,Bjork,1996-12-10,2018-02-18
1849,Klara,Aberg,1990-03-23,2017-07-07
1850,Henry,Evans,1989-08-22,2022-08-29
1851,Chloe,Brown,1989-04-30,2023-02-13
1852,Max,Becker,1993-01-04,2021-11-02
1853,Sofia,Holm,2000-11-05,2023-01-23
1854,Alvaro,Moreno,1992-03-12,2022-04-06
1855,Alba,Diaz,1991-07-02,2020-09-09
1856,Lukas,Johansson,1988-11-15,2018-01-25
1857,Liam,Davies,1992-05-10,2022-04-03
1858,Klara,Larsson,1983-09-05,2006-01-19
1859,Ella,Wilson,1971-12-14,2009-11-11
1860,Clara,Hansen,1986-04-04,2019-07-06
1861,Klara,Olsson,1991-07-01,2020-09-24
1862,Maja,Sandberg,1996-04-08,2023-11-27
1863,Noah,Andersen,1985-09-27,2021-10-23
1864,Alejandro,Gonzalez,1996-07-17,2022-03-01
1865,Daniel,Sanchez,1985-05-31,2021-09-07
1866,Irene,Lopez,1995-04-03,2019-12-04
1867,Oceane,Martin,1981-08-13,2016-07-04
1868,Matilda,Gustafsson,1997-08-24,2019-07-29
1869,Baptiste,Thomas,1992-06-09,2019-02-27
1870,Emily,Evans,1979-02-05,2009-01-09
1871,James,King,1992-08-05,2023-07-15
1872,Johan,Bjork,2000-06-27,2023-06-16
1873,Sara,Nystrom,2001-04-06,2023-02-04
1874,Sophie,Neumann,1970-09-05,2008-02-19
1875,Maja,Olsson,1969-12-11,2013-07-26
1876,Frida,Sandberg,1995-07-19,2023-05-02
1877,Hannah,Bauer,1965-01-11,2014-10-16
1878,Freja,Christensen,1998-04-12,2023-11-27
1879,Max,Richter,1994-01-20,2023-01-25
1880,Klara,Karlsson,1982-06-15,2021-03-15
1881,Andreas,Thomsen,1996-05-10,2022-10-22
1882,Emil,Christensen,1990-01-11,2020-09-15
1883,Linnea,Lundqvist,1992-04-16,2022-02-11
1884,Clara,Simon,1990-01-26,2021-11-26
1885,Emil,Bergstrom,1996-02-09,2023-08-05
1886,Paul,Bonnet,1991-12-13,2021-04-17
1887,Pablo,Alvarez,1984-11-28,2020-10-24
1888,Sofie,Kristensen,1994-12-22,2021-03-19
1889,Lukas,Hakansson,1998-08-11,2020-06-11
1890,Anna,Pettersson,1983-08-17,2018-03-29
1891,Lukas,Aberg,1993-03-05,2021-10-06
1892,Marie,Schwarz,1995-02-02,2018-06-27
1893,Daniel,Evans,1981-06-02,2017-05-29
1894,Andreas,Sorensen,1999-02-11,2021-02-05
1895,Amelia,Evans,1981-04-01,2018-11-14
1896,Anna,Sandberg,1977-08-04,2015-08-05
1897,Maja,Holm,1977-08-24,2019-12-11
1898,Paul,Neumann,1979-07-12,2009-04-17
1899,Maja,Karlsson,1983-01-04,2013-01-06
1900,Mikkel,Larsen,1996-02-06,2021-12-10
1901,Oscar,Holm,1987-12-02,2024-03-14
1902,Frida,Olsson,1995-05-09,2024-11-27
1903,Emma,Young,1998-10-27,2024-01-07
1904,Lena,Koch,1998-05-08,2024-01-04
1905,Maja,Larsson,1999-02-23,2024-01-17
1906,Lukas,Hakansson,2001-05-19,2024-11-20
1907,Julie,Girard,1996-03-14,2024-08-06
1908,Oscar,Nystrom,2002-07-21,2024-01-24
1909,Emma,Johnson,1996-12-14,2024-09-15
1910,Joel,Nystrom,1998-03-12,2024-06-16
1911,Axel,Hakansson,2000-01-23,2024-02-25
1912,Johan,Eklund,1993-04-25,2024-11-19
1913,Lucas,Sorensen,2002-03-07,2024-06-03
1914,Paul,Morel,1988-09-16,2024-08-19
1915,Liam,Taylor,1994-06-14,2024-09-14
1916,Emil,Petersen,1996-06-19,2024-03-06
1917,Matilda,Bergstrom,1990-06-17,2024-01-22
1918,Frida,Persson,1989-05-20,2024-11-18
1919,Thea,Larsen,1999-04-01,2024-08-03
1920,Lea,Morel,2000-12-16,2024-02-08
1921,Ida,Svensson,2002-11-14,2024-06-29
1922,Noah,Fischer,1999-10-16,2024-04-29
1923,Chloe,Hall,1998-08-16,2024-02-09
1924,Johanna,Wolf,1998-03-19,2024-06-21
1925,Max,Becker,1998-02-10,2024-01-05
1926,Jonas,Richter,1992-02-07,2024-11-22
1927,Felix,Becker,2001-01-30,2024-12-27
1928,Lena,Kruger,1990-03-16,2024-07-18
1929,Jack,Wilson,1992-12-01,2024-11-22
1930,Ethan,Walker,2000-10-05,2024-01-20
1931,Agnes,Lundqvist,2000-07-25,2024-07-17
1932,Amelia,Brown,1996-06-06,2024-11-21
1933,Daniel,Walker,2001-08-05,2024-08-25
1934,Hugo,Holm,2002-12-08,2024-08-01
1935,Erik,Larsson,1998-12-30,2024-09-08
1936,Thea,Christensen,1996-12-09,2024-06-13
1937,Clara,Thomas,2002-12-06,2024-10-04
1938,Emma,Smith,1997-01-18,2024-09-30
1939,Jack,Taylor,1994-09-03,2024-10-19
1940,Elias,Hartmann,2002-08-30,2024-11-15
1941,Viktor,Bjork,1992-04-09,2024-05-02
1942,Claudia,Rodriguez,1997-10-09,2024-03-27
1943,Oscar,Lundqvist,1991-05-04,2024-12-23
1944,Mia,Weber,1994-09-09,2024-01-02
1945,Julie,Morel,1993-08-13,2024-11-10
1946,Ines,Dubois,1992-06-21,2024-06-29
1947,Sofie,Andersen,1996-07-04,2024-10-06
1948,Erik,Nilsson,2001-11-14,2024-11-09
1949,Lukas,Bergstrom,1996-03-04,2024-05-07
1950,Noah,Andersson,1995-10-31,2024-02-22
1951,Alva,Olsson,2000-04-10,2024-08-13
1952,Emil,Jensen,1996-05-01,2024-06-02
1953,Anna,Svensson,2000-10-20,2024-03-04
1954,Sienna,Thomas,2002-05-06,2024-06-27
1955,Irene,Moreno,1998-01-09,2024-01-03
1956,Nathan,Roberts,1999-04-24,2024-01-11
1957,Javier,Moreno,1999-12-27,2024-07-21
1958,Linnea,Olsson,1995-09-01,2024-02-08
1959,Frida,Bergstrom,1994-09-26,2024-03-06
1960,Simon,Bjork,2000-09-29,2024-04-20
1961,Carmen,Martinez,2002-04-23,2024-04-08
1962,Louis,Bonnet,2002-09-04,2024-04-12
1963,Elena,Hernandez,2001-10-11,2024-03-24
1964,Anna,Andersson,2001-12-31,2024-07-28
1965,Manon,Martin,1995-01-21,2024-03-09
1966,Emil,Gustafsson,2000-07-09,2024-07-06
1967,Valeria,Hernandez,1998-01-22,2024-01-10
1968,Matilda,Karlsson,2002-03-13,2024-03-25
1969,Hugo,Hakansson,1993-07-30,2024-06-25
1970,Mia,Fischer,1998-03-15,2024-08-05
1971,Mikkel,Hansen,2002-12-08,2024-12-11
1972,Linnea,Larsson,1996-05-25,2024-01-26
1973,Oscar,Hakansson,1997-04-23,2024-09-27
1974,Johan,Johansson,2002-05-08,2024-05-23
1975,Agnes,Eriksson,2002-04-19,2024-02-16
1976,Alvaro,Martinez,1996-04-14,2024-07-26
1977,Luisa,Bauer,2000-08-03,2024-11-17
1978,Adrien,Martin,1994-12-05,2024-03-30
1979,Marie,Schafer,1998-07-09,2024-12-23
1980,Alejandro,Alvarez,1998-03-03,2024-09-20
1981,Sophie,Schwarz,2002-03-17,2024-11-15
1982,Oscar,Andersson,1999-07-21,2024-12-06
1983,Baptiste,Durand,1996-03-13,2024-09-20
1984,Lena,Kruger,1996-02-21,2024-09-05
1985,Noah,Neumann,1996-10-06,2024-09-27
1986,Ida,Larsen,1996-09-06,2024-10-11
1987,Simon,Hakansson,1991-05-10,2024-03-24
1988,Chloe,Johnson,1998-11-05,2024-12-07
1989,Moritz,Fischer,1997-06-03,2024-08-19
1990,Lukas,Lindberg,1997-10-08,2024-06-14
1991,William,Andersen,1999-11-17,2024-08-12
1992,Joel,Eriksson,1997-07-22,2024-03-31
1993,Sofia,Sanchez,2002-06-01,2024-01-29
1994,Hugo,Petit,2002-04-27,2024-08-07
1995,Andreas,Thomsen,1996-02-01,2024-02-11
1996,Nicolas,Roux,1997-12-04,2024-12-26
1997,Adrien,Robert,1994-12-17,2024-11-17
1998,William,Pedersen,1996-07-21,2024-05-08
1999,Baptiste,Dupont,1994-07-28,2024-06-01
2000,Johan,Nilsson,1994-06-04,2024-01-06
2001,Elin,Lindberg,2001-01-25,2024-02-22
2002,Noah,Nilsson,1987-01-27,2024-03-22
2003,Sofie,Christensen,1999-05-05,2024-05-29
2004,Leon,Fischer,1995-10-15,2024-01-24
2005,Nora,Andersson,1997-01-07,2024-07-27
2006,Diego,Lopez,1995-08-05,2024-04-25
2007,Mia,Schwarz,1991-02-28,2024-09-15
2008,Mikkel,Sorensen,2002-03-09,2024-08-03
2009,Manon,Girard,1992-10-27,2024-10-27
2010,Noah,Smith,1989-08-17,2024-01-24
2011,Alba,Sanchez,1989-06-21,2024-01-24
2012,Sofia,Lindberg,1994-06-25,2024-01-16
2013,Lea,Durand,1998-06-26,2024-07-25
2014,Finn,Muller,1998-10-05,2024-09-23
2015,Emma,Thomas,1993-03-21,2024-04-24
2016,Matilda,Gustafsson,1990-03-31,2024-03-15
2017,Javier,Rodriguez,1999-04-11,2024-10-23
2018,Lukas,Gustafsson,1994-03-22,2024-11-10
2019,Emma,Johnson,1995-03-29,2024-01-07
2020,Oliver,Wilson,1997-02-05,2024-12-22
2021,Camille,Morel,1997-10-22,2024-05-11
2022,Elias,Richter,1999-02-20,2024-06-12
2023,Oceane,Bertrand,2000-08-05,2024-01-01
2024,Liam,King,1994-12-09,2024-04-21
2025,Jack,Young,2002-08-27,2024-08-04
2026,Erik,Hakansson,1995-11-25,2024-03-05
2027,Simon,Pettersson,1998-04-29,2024-01-22
2028,Chloe,Robert,1999-12-16,2024-12-22
2029,Moritz,Schafer,1994-07-01,2024-03-08
2030,Henry,Brown,1993-09-07,2024-06-17
2031,Lena,Kruger,1992-05-19,2025-01-21
2032,Manon,Lambert,2003-09-25,2025-04-13
2033,Linnea,Bergstrom,2001-09-12,2025-11-06
2034,Emilia,Schneider,1991-01-28,2025-12-02
2035,Johanna,Muller,2001-01-15,2025-03-14
2036,Noah,Hall,1993-04-16,2025-04-11
2037,Adrien,Fournier,2002-09-11,2025-08-26
2038,Irene,Ruiz,2003-04-16,2025-04-09
2039,Chloe,Lambert,1998-02-16,2025-01-02
2040,Chloe,Young,2002-09-24,2025-05-03
2041,Freja,Pedersen,2003-05-17,2025-05-20
2042,Ava,Thomas,1999-04-16,2025-09-04
2043,Elin,Eriksson,1999-03-19,2025-12-03
2044,Pablo,Sanchez,1996-12-07,2025-03-15
2045,Sofia,Bergstrom,2000-12-26,2025-10-28
2046,Paul,Simon,2000-10-03,2025-04-10
2047,Alva,Bergstrom,1992-08-02,2025-07-04
2048,Sarah,Laurent,1995-01-29,2025-05-23
2049,Chloe,Durand,1990-04-18,2025-06-06
2050,Erik,Svensson,2003-03-16,2025-03-23
2051,Johan,Eriksson,2001-06-19,2025-06-21
2052,Erik,Eriksson,1999-03-16,2025-09-27
2053,Ebba,Andersson,1996-02-05,2025-03-03
2054,Sofia,Nilsson,1999-12-20,2025-12-28
2055,Carmen,Martinez,1998-02-07,2025-01-20
2056,Ebba,Persson,1992-10-31,2025-11-09
2057,Alva,Lundqvist,2000-12-18,2025-12-19
2058,Emil,Andersson,2003-12-23,2025-01-08
2059,Emil,Jensen,1999-03-18,2025-03-10
2060,Viktor,Karlsson,1988-05-05,2025-08-22
2061,Nicolas,Leroy,1998-10-26,2025-03-08
2062,James,Evans,2000-02-17,2025-01-29
2063,Sara,Eriksson,2001-03-06,2025-09-10
2064,Lukas,Gustafsson,1997-08-30,2025-03-03
2065,Ines,Bonnet,1996-09-12,2025-01-25
2066,Elin,Pettersson,1994-06-27,2025-10-27
2067,Emma,Rasmussen,2003-06-07,2025-05-10
2068,Maja,Eklund,1990-07-26,2025-06-21
2069,Oceane,Martin,1996-02-06,2025-02-16
2070,Sara,Gustafsson,1998-11-07,2025-11-29
2071,Emily,Taylor,1996-03-14,2025-04-16
2072,Thomas,Petit,1999-12-01,2025-11-08
2073,Erik,Aberg,1996-12-22,2025-06-11
2074,Ben,Richter,1993-07-10,2025-09-12
2075,Chloe,Walker,1993-07-25,2025-11-19
2076,Agnes,Eklund,2001-03-03,2025-11-09
2077,Mikkel,Madsen,1994-12-01,2025-07-17
2078,Grace,King,1995-01-03,2025-11-01
2079,Mila,Walker,1992-06-25,2025-01-11
2080,Martin,Ruiz,2003-04-30,2025-05-26
2081,Clara,Fournier,2001-10-15,2025-02-15
2082,Noa,Ruiz,1995-07-27,2025-07-06
2083,Linnea,Gustafsson,2000-08-02,2025-01-30
2084,Sara,Martinez,1992-02-07,2025-11-25
2085,Oliver,Rasmussen,2003-10-13,2025-10-08
2086,Ebba,Nilsson,1998-07-13,2025-07-26
2087,Lukas,Svensson,2003-06-24,2025-08-03
2088,Viktor,Nystrom,1996-05-05,2025-01-26
2089,Lena,Fischer,2000-08-04,2025-06-19
2090,Emily,Roberts,2000-07-28,2025-06-18
2091,Anna,Nilsson,1995-02-19,2025-04-07
2092,Javier,Rodriguez,1999-03-07,2025-05-15
2093,Anna,Olsson,2003-03-29,2025-03-13
2094,Erik,Nystrom,1997-06-29,2025-06-26
2095,Finn,Becker,1988-07-13,2025-09-26
2096,Lucas,Roux,1994-10-08,2025-10-06
2097,Henry,Wilson,1999-11-19,2025-08-30
2098,Oliver,Thomas,1994-10-26,2025-05-24
2099,Paula,Diaz,1996-12-10,2025-06-03
2100,Charlotte,Schmidt,2002-11-02,2025-05-14
2101,Elena,Garcia,1999-07-20,2025-04-16
2102,Nathan,Johnson,1995-07-20,2025-03-13
2103,Joel,Bergstrom,2001-01-17,2025-09-04
2104,Viktor,Nilsson,1999-07-20,2025-03-11
2105,Lukas,Hakansson,1998-08-09,2025-09-19
2106,Lena,Fischer,1995-04-15,2025-04-09
2107,Mia,Schmidt,1994-12-23,2025-05-31
2108,Viktor,Karlsson,1994-12-14,2025-03-30
2109,Anna,Schwarz,2000-12-31,2025-07-02
2110,Anna,Nystrom,1992-01-05,2025-02-21
2111,Mikkel,Pedersen,1995-09-11,2025-08-14
2112,Valeria,Fernandez,1991-12-11,2025-10-18
2113,Viktor,Persson,1995-04-15,2025-04-30
2114,Lea,Thomas,1995-09-11,2025-07-11
2115,Thomas,Laurent,1995-05-23,2025-07-29
2116,Linnea,Bjork,1998-08-05,2025-05-13
2117,Emil,Lundqvist,1997-08-12,2025-04-04
2118,Lucas,Larsen,1998-11-22,2025-04-01
2119,Sarah,Richard,1999-03-08,2025-07-29
2120,Elin,Olsson,2003-05-15,2025-05-10
2121,Erik,Johansson,2000-06-05,2025-01-24
2122,Luisa,Klein,2002-07-08,2025-05-19
2123,Emil,Madsen,2002-03-10,2025-01-29
2124,Paul,Bertrand,1996-10-08,2025-05-23
2125,Simon,Bergstrom,1993-10-25,2025-10-26
2126,Diego,Diaz,1998-05-03,2025-07-11
2127,Frida,Nystrom,2000-01-25,2025-09-15
2128,Nora,Svensson,1996-09-12,2025-06-15
2129,Anna,Nielsen,1997-12-02,2025-10-09
2130,Noah,Johnson,1995-12-31,2025-11-30
2131,Paul,Martin,1999-01-10,2025-11-17
2132,Lea,Durand,1995-06-21,2025-12-12
2133,Simon,Olsson,1998-12-11,2025-03-28
2134,Magnus,Kristensen,2002-11-29,2025-10-10
2135,Maja,Holm,2001-02-28,2025-02-13
2136,Ethan,Young,1992-01-06,2025-01-17
2137,Nicolas,Lefebvre,2000-03-23,2025-09-01
2138,Grace,Young,1992-08-04,2025-07-23
2139,Lukas,Karlsson,1997-10-08,2025-08-02
2140,Ella,Walker,2001-12-22,2025-03-26
2141,Johan,Bjork,1992-05-16,2025-12-13
2142,Sara,Eriksson,1995-03-27,2025-06-10
2143,Margaux,David,1996-04-09,2025-06-14
2144,Lucia,Fernandez,1999-04-01,2025-01-31
2145,Anna,Svensson,1994-02-09,2025-05-10
2146,Noah,Nystrom,2001-08-21,2025-01-02
2147,Noah,Fischer,1997-01-09,2025-02-27
2148,Mila,Davies,2000-07-30,2025-12-07
2149,Oceane,Fournier,2003-01-29,2025-11-13
2150,Camille,Thomas,2000-03-18,2025-01-25
2151,Amelia,Smith,1997-07-30,2025-01-26
2152,Viktor,Hakansson,1994-08-29,2025-11-19
2153,Max,Wolf,1992-09-09,2025-09-18
2154,Elin,Svensson,1992-03-02,2025-02-17
2155,Anna,Johansson,1995-07-01,2025-10-18
2156,Josephine,Rasmussen,2002-02-10,2025-10-05
2157,Hugo,Persson,1993-10-02,2025-06-24
2158,Sara,Hansen,2003-05-07,2025-11-05
2159,Luisa,Hoffmann,1996-02-01,2025-04-14
2160,Thea,Nielsen,1997-05-21,2025-08-04
